author_id|post_id|comment_id|reply_id|content|article_type|published_time|id
100017913525103|641700736437038|||duy nháº¥t má»™t Ã´ Ä‘áº¥t Ä‘áº¹p giÃ¡ ráº» 72m ,LiÃªn BÃ©o bÃ¡n ná»‘t 300 triá»‡u miá»…n tráº£ giÃ¡ ká»ƒ cáº£ Ä‘áº§u tÆ° hay tiÃªu dÃ¹ng !táº¡i HÃ  Láº§m khu Ä‘áº­p Nc Lh 0964629191|fb_user_post|2020/07/03 12:38:04|4.722679702346639e+18
100045889684267|173792914160364|||"Káº¹o cao su háº£ ğŸ˜‘
Niá»m Ä‘am mÃª nhá» bÃ© báº¥t táº­n cá»§a em ğŸ«ğŸ¬
#emÄ‘Ã³i"|fb_user_post|2020/07/03 18:54:48|1.5355655571885445e+18
107684524180500|153486506266968|||ğŸ“Œ ADIDAS EQT BASK ADV ÄEN ğŸ“¢ HÃ ng sáºµn sá»‘ lÆ°á»£ng lá»›n nhÃ© anh chá»‹ em ğŸ”ºFull size: Nam: 40-44 ğŸ—‚ PhÃ¢n loáº¡i hÃ ng: SF ğŸ’°GiÃ¡ chá»‰: #299k. ğŸ“­ SHIP CODE TRÃŠN TOÃ€N QUá»C QUA Viettel Post ğŸ“¨ ÄÆ¯á»¢C KIá»‚M TRA TRÆ¯á»šC KHI THANH TOÃN ğŸ“¦ Há»– TRá»¢ Äá»”I SIZE TRONG 6 TIáº¾NG SAU KHI NHáº¬N HÃ€NG ğŸ’Œ Nhanh tay chá»n cho mÃ¬nh má»™t Ä‘Ã´i giÃ y phÃ¹ há»£p nÃ o! ğŸ  Shop GiÃ y Online 37 - ThÃ¡i Báº£o, Nam SÆ¡n, Tp. Báº¯c Ninh ğŸ“ 0989.600.219 (cÃ³ zalo) Shop GiÃ y Online 37 luÃ´n Ä‘áº£m báº£o cháº¥t lÆ°á»£ng vÃ  cam káº¿t giÃ¡ tá»‘t nháº¥t Ä‘áº¿n vá»›i má»—i khÃ¡ch hÃ ng Nháº­n ship COD trÃªn toÃ n quá»‘c Nháº­n sá»‰ sll tá»« 5 sáº£n pháº©m â€”â€”â€”â€”â€”â€”â€”â€” Shop GiÃ y Onlne 37 liÃªn tá»¥c cáº­p nháº­t máº«u mÃ£, giÃ¡ cáº£ vÃ  cÃ¡c chÆ°Æ¡ng trÃ¬nh trÃªn fb LÃ² VÄƒn ÄÃ´ng, ÄÃ´ng Ninh, ì†Œí˜¸ë°˜ë™, Fanpage Shop sá»‰ Online 37 vÃ  Account Zalo: Shop GiÃ y Online 37. ChÃºng tÃ´i liÃªn tá»¥c tuyá»ƒn CTV vÃ  Ä‘áº¡i lÃ½ bÃ¡n hÃ ng trÃªn toÃ n quá»‘c. â€”â€”â€”â€”â€”â€”â€”â€”â€”â€”â€” Shop GiÃ y Online 37 LuÃ´n Ä‘á»“ng hÃ nh trÃªn con Ä‘Æ°á»ng thÃ nh cÃ´ng cá»§a báº¡n. #Adidas #EQT #AdidasEQT #EQTBask #Bask|fb_page_post|2020/07/03 21:50:47|8.057319916996077e+18
100004404698241|1677513382405469|||"Bá»™ Ä‘Å©i chun eo
Váº£i Ä‘Å©i xÆ°á»›c quáº£ng chÃ¢u má»m mÃ¡t
Tay bá»“ng chun eo y máº«u, bÃ¡n shop ok"|fb_user_post|2020/07/03 08:00:06|8.234742379942939e+18
100023784007652|1625761130917058|||Cáº§n bÃ¡n gáº¥p cÄƒn há»™ jamila khang Ä‘iá»n q9 â™¦ï¸NhÃ  má»›i chÆ°a á»Ÿ, Ä‘Ã£ cÃ³ sá»• â™¦ï¸ giÃ¡ 2.6 tá»·, bao thuáº¿ phÃ­ â™¦ï¸ Ä‘Ã£ Ä‘Ã³ng phÃ­ quáº£n lÃ­ 12 thÃ¡ng â™¦ï¸ do chá»§ cáº§n bÃ¡n gáº¥p nÃªn giÃ¡ ráº» nháº¥t khu vá»±c r. â™¦ï¸2pn, 2wc Lh 0336244433 NhÆ° Ä‘á»ƒ há»— trá»£ xem nhÃ |fb_group_post|2020/07/03 23:05:04|3.107363186837409e+18
100000846194575|3491600740858674|3491600740858674_3491604777524937||NhÆ°ng now thÃ¬ 1 triá»‡u Ä‘Äƒng kÃ­ má»›i. Goviet pháº£i mÃ¡y in bill Ä‘á»§ má»›i dc Ä‘Äƒng kÃ­|fb_user_comment|2020/07/03 20:57:27|5.213378648175012e+18
100028470010806|411127449846252|||NÃ¨ máº¥y em cÃ³ giá»i thÃ¬ vÃ´ Ä‘Ã¢y cáº¯t cÃ¡i quáº§n cá»§a sp ná»¯a Ä‘i nha nha nha|fb_user_post|2020/07/03 17:06:24|1.352101242882786e+18
100024916729857|718787542295130|||"TÃ¹ngg LiÃªnn bÃ¡t mÃ¬ huyá»n thoáº¡i ğŸ¥´ğŸ¥´ğŸ¤£
Con trai thá»i nay Ä‘áº£m Ä‘ang hÆ¡n nhiá»uğŸ˜Œ"|fb_user_post|2020/07/03 16:33:08|5.008854231925109e+18
100010265618044|1163690283983148|||KhÃ¡ch nao gá»­i hÃ´ sÆ¡ phÃ­a vn gá»­i xong nhá»› bÃ¡o e 1 tiáº¿ng nhe . KhÃ¡ch nhiá»u k nhá»› Lltp va báº£o hiá»ƒm cha me tuáº§n sau lai gá»­i sang|fb_user_post|2020/07/03 20:08:44|7.308209747972262e+18
100052391960711|583843332551549|583843332551549_584193745849841||TrÃ´ng áº£nh Ä‘áº¹p nhÆ° nÃ y thÃ¬ dÃ¹ cÃ³ chung thÃ¢n 10 kiáº¿p tÃ´i cÅ©ng chá»‹u .|fb_group_comment|2020/07/03 07:09:30|8.850491519567564e+17
100049147391068|156785129303066|||"Tá»ŸmğŸ™ƒ
LÃºc yÃªu thÃ¬ ngá»t ngÃ o cÆ°á»›i vá» thÃ¬ nhÆ° thÃº hoang â˜ºï¸ Nguá»“n #cpy"|fb_user_post|2020/07/03 19:45:53|5.2661832547886e+17
100008669083750|2428424337456512|||Cáº§u mong nhá»¯ng ai nhÃ¬n tháº¥y video nÃ y sáº½ luÃ´n gáº·p nhiá»u may máº¯n, cáº§u Ä‘Æ°á»£c Æ°á»›c tháº¥y. Nam mÃ´ a di Ä‘Ã  pháº­t ! ğŸ™ğŸ»ğŸ™ğŸ»ğŸ™ğŸ»|fb_user_post|2020/07/03 21:24:03|7.681741297916863e+18
100024829087485|320416675786844|320416675786844_320417252453453||Nháº­n Ä‘Äƒng kÃ­ gÃ³i Vip share ( Ä‘Äƒng bÃ i lÃ  cÃ³ nhiá»u lÆ°á»£t chia sáº» cá»§a má»i ngÆ°á»i)vÃ  cÃ¡c dá»‹ch vá»¥ tÄƒng like , tÄƒng comment,,bot tÆ°Æ¡ng tÃ¡c . GiÃºp bÃ i b thÃªm tiáº¿p cáº­n tá»›i nhiá»u ngÆ°á»i hÆ¡n. Má»i ng ai cáº§n ib e tv rÃµ vÃ  Ä‘Äƒng kÃ­ áº¡ Xin ChÃ o! ChÃºc TrÃ¢n Nguyá»…n Má»™t Buá»•i TrÆ°a Tá»‘t LÃ nh NhÃ© ğŸ’“ğŸ’ŸğŸ’–.|fb_user_comment|2020/07/03 11:44:00|8.296264675871116e+18
100025619580695|651016975762283|||Chuáº©n xá»‹n. chuáº©n thá»i thÆ°á»£ng gu hoa cÃºc hÃ³t trend nÄƒm.nay chÆ°a áº¡. Vá» hai mÃ u tÃºi Ä‘iá»‡n thoáº¡i cho cÃ¡c nÃ ng. ğŸŒ¸ğŸŒ¸ğŸŒ¸ğŸŒ¸|fb_user_post|2020/07/03 18:42:47|1.1819074624394127e+18
100010066362958|1234425026903031|||Chá»‰ Ä‘Ã n Ã´ng NÃ”NG Cáº N má»›i xáº¿p vá»£ con mÃ¬nh sau Ä‘Ã n bÃ  trong thiÃªn háº¡|fb_user_post|2020/07/03 09:52:42|5.6446679082400166e+17
100006749466953|2701574143410875|||Gáº¥p áº¡!Cá»¥ Ã´ng nÃ y bá»‹ láº«n Ã”ng báº£o Ã´ng á»Ÿ LÆ°u PhÆ°Æ¡ng Kim SÆ¡n Ã”ng Ä‘i láº¡c lÃªn táº­n trÃªn Cáº§u VÆ°á»£t Ninh BÃ¬nh.CÃ³ 1 chÃº Ä‘Æ°a Ã”ng Ä‘áº¿n NgÃ£ 3 ThÃ´ng KhÃ¡nh CÆ°.ai lÃ  ngÆ°á»i nhÃ  .lÃªn Ä‘Æ°a Ã´ng vá» áº¡ Má»i ngÆ°á»i chia sáº» giÃºp!Ä‘á»ƒ ngÆ°á»i nhÃ  lÃªn Ä‘Ã³n Ã”ng Hiá»‡n Ã”ng Ä‘ang á»Ÿ NgÃ£ 3 ThÃ´ng xÃ£ KhÃ¡nh CÆ° quÃ¡n gÃ  rÃ¡n Ä‘á»‘i diá»‡n cÃ¢y xÄƒng má»›i|fb_user_post|2020/07/03 22:38:39|3.4668566050211354e+18
100005123257274|3591787980834743|||HÃ ng má»›i vá»|fb_group_post|2020/07/03 21:56:23|1.6552168753451384e+18
100009020258501|2529115840732400|||BÃ¡n phá»¥ khoa pháº£i cháº¥t tháº¿ nÃ y táº¡m dá»‹ch lÃ  bÃ­m kháº¯m,bÃ­m rá»™ng ,bÃ­m thá»‘i ,bÃ­m hÃ´i,bÃ­m tanh ,bÃ­m loÃ©t ,bÃ­m cÃ³ zoÃ i bÆ¡i háº¿t vÃ o Ä‘Ã¢y nhÃ©.|fb_user_post|2020/07/03 22:37:08|1.6480874292278016e+18
100008912231671|2287256964914689|||Lá»«a Ä‘áº£o chiáº¿m Ä‘oáº¡t tÃ i sáº£n , chá»™m cáº¥p , quá»µt tiá»n , lá»«a bÃ¡n kháº©u trang , lá»«a lÃ m giáº¥y tá» há»“ sÆ¡ nháº­n tiá»n xong máº¥t tÃ­ch , mua hÃ ng ko tráº£ tiá»n . VÃ¢y mÆ°á»£n ko tráº£ . nÃ³i chung lá»«a Ä‘áº£o dÆ°á»›i má»i hÃ¬nh thá»©c . ( sá»‘ tiá»n ráº¥t lá»›n ) ( VÆ°Æ¡ng Quá»‘c CÃ´ng . 84 tháº¡ch tháº¥t HN)|fb_user_post|2020/07/03 16:09:46|5.941714520791322e+18
100013364943679|974161793039310|||"ğŸƒCOTTON ÄÅ¨Iâ£â£
ğŸ‘† CHÄ‚N GA Gá»I COTTON ÄÅ¨I lÃ  má»™t sáº£n pháº©m Ä‘Æ°á»£c Ä‘Ã¡nh giÃ¡ cao vÃ  ngÆ°á»i dÃ¢n Viá»‡t Nam tÃ¬m mua nhiá»u nháº¥t. VÃ¬ máº«u mÃ£ Ä‘áº¹p, cháº¥t lÆ°á»£ng má»m mÃ¡t phÃ¹ há»£p thá»‹ trÆ°á»ng Viá»‡t Nam
ğŸ‘† CHáº¤T LIá»†U Váº¢I CAO Cáº¤P: Má»€M Má»ŠN, THOÃNG MÃT, THáº¤M HÃšT Má»’ HÃ”I Tá»T. Äá»˜ CO GIÃƒN Vá»ªA PHáº¢I.
ğŸ‘† Äáº¶C BIá»†T HOÃ€N TOÃ€N KHÃ”NG BIáº¾N Dáº NG SAU QUÃ TRÃŒNH GIáº¶T GIÅ¨
ğŸ‘† MÃ€U Sáº®C Káºº VÃ” CÃ™NG TRáºº TRUNG, HIá»†N Äáº I
ğŸ‘‰ Sáº¢N PHáº¨M NÃ€Y QUÃ TUYá»†T Vá»œI Vá»€ Cáº¢ CHáº¤T LÆ¯á»¢NG VÃ€ GIÃ THÃ€NH â—â—â—
â—â—COTTON 100% CHá»¨ KHÃ”NG PHáº¢I XOA ÄÅ¨I THÃ”NG THÆ¯á»œNG KHÃCH NHÃ‰â—â—
â—â—HÃ€NG KHÃ”NG IN NHUá»˜M Äáº¢M Báº¢O Sá»¨C KHá»E VÃ€ MÃ”I TRÆ¯á»œNG â£â£"|fb_user_post|2020/07/03 17:21:03|1.1471440374022015e+18
100015494071295|855976971595431|||Gom di lam ve thay a khoai nhu nay day.het met luon|fb_user_post|2020/07/03 17:22:20|1.966174691473969e+18
100023426650628|708780746579474|||Ce ta bÃ¡nh Ä‘a bÃ¡nh Ä‘Ãºc.!ğŸ˜‹ 12h Ä‘Ãªm váº«n cá»© Äƒn viá»‡c giáº£m cÃ¢n mai tÃ­nh.ğŸ‘©ğŸ‘§ğŸ‘§|fb_user_post|2020/07/03 23:36:49|8.069531583870367e+18
100006592119590|176665290489526|176665290489526_176726567150065||"ÄÃ¢y lÃ  kiá»ƒu Báº¡ch dá»‹u dÃ ng but nghiÃªm kháº¯c
Háº¯c cá»¥c sÃºc nhÆ°ng dá»… má»m lÃ²ng cÆ°ng chiá»u Ã¡ hi hiii"|fb_page_comment|2020/07/03 23:31:12|7.292243862774232e+18
100003144885149|3002981156483351|||ğŸ’ğŸ’ğŸ’GIáº¤Y Náº¾N THáº¤M Dáº¦UğŸ’ğŸ’ğŸ’ NhÃ  nÃ o dÃ¹ng ná»“i chiÃªn ko dáº§u Ä‘á»u pháº£i cÃ³ áº¡ ğŸ’¸ğŸ’¸70k/1 set 100 tá» xÃ i táº¹t Hiá»‡n nay ráº¥t hot áº»m ná»“i nÃ y, nhÆ°ng cÃ¡c máº¹ mua vá» xÃ i Ä‘Ãºng cÃ¡ch chÆ°a ah, riÃªng báº£n thÃ¢n em em tham gia cÃ¡c há»™i nhÃ³m vÃ  Ä‘Æ°á»£c khuyÃªn nÃªn mua giáº¥y bÃ y áº¡ ğŸ“ŒğŸ“Œ VÃŒ SAO NÃŠN DÃ™NG GIáº¤Y Náº¾N Äá»¤C Lá»– CHO NCKD?. ğŸ’¯ Báº£o vá»‡ pháº§n máº·t lÆ°á»›i chá»‘ng dÃ­nh cá»§a ná»“i chiÃªn khÃ´ng dáº§u dÆ°á»›i tÃ¡c Ä‘á»™ng cá»§a muá»‘i, gia vá»‹ máº·n. TÄƒng tuá»•i thá» cá»§a pháº§n lÆ°á»›i chá»‘ng dÃ­nh nÃ y gáº¥p nhiá»u, nhiá»u láº§n. Chá»‰ cáº§n lÃ³t 1 táº¥m giáº¥y náº¿n Ä‘á»¥c lá»— sáºµn nÃ y lÃªn trÃªn lÆ°á»›i, Ä‘áº·t thá»©c Äƒn Ä‘Ã£ táº©m Æ°á»›p gia vá»‹ vÃ o vÃ  khá»Ÿi Ä‘á»™ng ná»“i nhÆ° bÃ¬nh thÆ°á»ng. ğŸ’¯ GiÃºp dá»… dÃ ng vá»‡ sinh ná»“i chiÃªn khÃ´ng dáº§u sau khi hoáº¡t Ä‘á»™ng. Khi lÃ³t báº±ng giáº¥y náº¿n nÃ y rá»“i thÃ¬ cÃ´ng Ä‘oáº¡n rá»­a ná»“i chiÃªn khÃ´ng dáº§u khÃ´ng cÃ²n lÃ  cá»±c hÃ¬nh ná»¯a áº¡, nÃ³ nhÃ n tÃªnh luÃ´n áº¥y, ko pháº£i ká»³ cá» nhiá»u. ğŸ’¯ Æ¯u Ä‘iá»ƒm so vá»›i giáº¥y báº¡c, giáº¥y náº¿n thÃ´ng thÆ°á»ng lÃ  cÃ³ lá»— Ä‘á»¥c sáºµn nÃªn dáº§u thá»«a, nÆ°á»›c Ä‘á»ng váº«n thoÃ¡t xuá»‘ng dÆ°á»›i Ä‘Æ°á»£c. SiÃªu tiá»‡n dá»¥ng áº¡. ğŸ’¯ DÃ¹ng Ä‘á»ƒ nÆ°á»›ng bÃ¡nh, háº¥p bÃ¡nh bao, ngÄƒn cháº·n sá»± bá»‘c hÆ¡i quÃ¡ nhiá»u cá»§a nÆ°á»›c lÃ m Æ°á»›t bÃ¡nh. ğŸ’¯ Cháº¥t liá»‡u: giáº¥y hai máº·t nháº­p kháº©u tá»« Pháº§n Lan. 100% bá»™t gá»— nguyÃªn cháº¥t Ä‘Æ°á»£c sáº£n xuáº¥t theo quy trÃ¬nh chá»‹u nhiá»‡t Ä‘á»™ cao Ä‘áº·c biá»‡t. Nhiá»‡t Ä‘á»™ chá»‹u tá»‘i Ä‘a 240Â°C.|fb_user_post|2020/07/03 19:19:50|7.61113259340636e+18
100023844321141|756489488489188|||"Share cho condanhconnağŸ¤£
áº¢nh dá»± thi â€œCuá»™c thi áº£nh [DÃ£ ngoáº¡i hÃ¨ 2020 - Khá»Ÿi Ä‘á»™ng \Háº­u Covid\"" cÃ¹ng ICO PhÃº Thá»] â€"|||
CÃ³ nhá»¯ng chuyáº¿n Ä‘i Ä‘Æ°a ta Ä‘áº¿n nhá»¯ng miá»n Ä‘áº¥t má»›i, gáº·p gá»¡ nhá»¯ng con ngÆ°á»i .má»›i, tráº£i nghiá»‡m nhá»¯ng cáº£m xÃºc má»›i. CÃ³ nhá»¯ng chuyáº¿n Ä‘i láº¡i Ä‘Æ°a ta trá»Ÿ vá» vá»›i nÆ¡i chá»‘n thÃ¢n quen vÃ  nhá»¯ng con ngÆ°á»i cÅ©â€¦ChÃºng ta cá»§a sau nÃ y, cÃ³ thá»ƒ khÃ´ng cÃ³ nhau, nhÆ°ng ká»· niá»‡m vá» nhá»¯ng hÃ nh trÃ¬nh bÃªn nhau lÃ  mÃ£i mÃ£iâ€¦. Lá»›p Nháº­t Báº£n cÃ´ Tháº¯m|||||||
HÃ£y cÃ¹ng like fanpage, like vÃ  share bÃ i dá»± thi Ä‘á»ƒ cÃ¡c báº¡n áº¥y cÃ³ cÆ¡ há»™i nháº­n Ä‘Æ°á»£c ğŸGiáº£i thÆ°á»Ÿng : ğŸ¥‡Giáº£i nháº¥t : Nháº­n ngay 1 triá»‡u Ä‘á»“ng tiá»n máº·t|||||||
ğŸ“ŠCÃ¡ch thá»©c tÃ­nh Ä‘iá»ƒm :|||||||
"ğŸ§®1like = 1 Ä‘iá»ƒm. 1 share = 2 Ä‘iá»ƒm (Share á»Ÿ cháº¿ Ä‘á»™ cÃ´ng khai , khÃ´ng spam share , bá»‹ khÃ³a nick hay khÃ³a bÃ i Ad khÃ´ng chá»‹u trÃ¡ch nhiá»‡m) 1 like fanpage = 3 Ä‘iá»ƒm(nhá»¯ng ngÆ°á»i like bÃ i viáº¿t Ä‘á»“ng thá»i like Fanpage) --------------------- ğŸ¢Trung tÃ¢m ngoáº¡i ngá»¯ hÆ°á»›ng nghiá»‡p PhÃº Thá» ğŸª Sá»‘ 19, Ä‘Æ°á»ng Tráº§n PhÃº, TÃ¢n DÃ¢n, TP Viá»‡t TrÃ¬ ğŸ“±Hotline : 0942 766 464 #tuá»•i_thanh_xuÃ¢n #tuoithanhxuan #cuocthianh #duhocicogroup #táº­p_Ä‘oÃ n_ICOGroup #du_há»c_ICOGroup #duhocico #duhocnhatbanico #duhochanquocico #du_há»c_Nháº­t_báº£n_ico #du_há»c_HÃ n_quá»‘c_ico #du_há»c_lÃ _gÃ¬ #hoctiengnhatico #hoctienghanico #há»c_tiáº¿ng_Nháº­t_ico #há»c_tiáº¿ng_HÃ n_ico #ico #thianh #hanhtrinhyeuthuong"""|fb_user_post|2020/07/03 16:43:55|8732455184337952340||||
100004988352429|1671169896392606|||TrÃ¢n trá»ng cáº£m Æ¡n cÃ¡c táº­p thá»ƒ cÃ¡c cÃ¡ nhÃ¢n gÄ‘ á»§ng há»™ Ä‘á»ƒ lÃ m khu vui chÆ¡i cho cÃ¡c chÃ¡u TNNÄ áº¡! KÃ­nh chÃºc má»i ngÆ°á»i má»i nhÃ  luÃ´n máº¡nh khá»e háº¡nh phÃºc vÃ  thÃ nh cÃ´ng trong cuá»™c sá»‘ng áº¡!|fb_user_post|2020/07/03 21:14:04|7.197407449944572e+18
100035802854484|287913839078709|||ThÃ¡ng 7 thÃ¡ng cá»§a ju thÆ°Æ¡ng , thÃ¡ng cá»§a Mjnh.â¤ï¸â¤ï¸â¤ï¸ mong sáº½ nhju niá»m vui má»›i .ğŸ˜ŠğŸ˜Šâ¤ï¸â¤ï¸â¤ï¸|fb_user_post|2020/07/03 08:31:46|5.179457647720864e+18
100006392706558|2665615813661483|||ThÃ¡ng 9/2020, quáº­n 10 sáº½ cÃ³ phá»‘ Ä‘i bá»™: Hoáº¡t Ä‘á»™ng 5h/ngÃ y, bÃ¡n cáº£ Ä‘á»“ Äƒn, nÆ°á»›c giáº£i khÃ¡t Phá»‘ Ä‘i bá»™ quáº­n 10 TP.HCM dá»± kiáº¿n má»Ÿ cá»­a vÃ o thÃ¡ng 9/2020 vá»›i 48 gian hÃ ng, bÃ y bÃ¡n cÃ¡c loáº¡i sáº£n pháº©m bao gá»“m Ä‘á»“ Äƒn, nÆ°á»›c giáº£i khÃ¡t, Ä‘á»“ lÆ°u niá»‡m, quáº§n Ã¡o, Ä‘á»“ thá»§ cÃ´ng,. CÃ¡c máº·t hÃ ng khÃ´ng Ä‘Æ°á»£c phÃ©p kinh doanh táº¡i Ä‘Ã¢y sáº½ bao g.|fb_user_post|2020/07/03 21:36:42|5.303273778767781e+18
100001850333817|1811310732345213|||MÃ¬nh ngá»“i uá»‘ng bia quáº£ng trÆ°á»ng nháº·t dc Ae ai quen lh mÃ¬nh nhÃ© 0858132222|fb_group_post|2020/07/03 23:59:12|4.3732061605810227e+18
100041797747168|964210804029236|||"ğŸ’¦ Lá»¢I ÃCH Cá»¦A NÆ¯á»šC KANGENğŸ’¦ â˜˜ï¸â˜˜ï¸â˜˜ï¸â˜˜ï¸ThÆ¡ Lá»¥c BÃ¡tâ˜˜ï¸â˜˜ï¸â˜˜ï¸â˜˜ï¸ HonKan ğŸ’§ Gia tÄƒng sá»©c khoáº» trÆ°á»ng ká»³ ğŸ’§ GiÃºp cho cÆ¡ thá»ƒ bÃ©o phÃ¬ trÃ¡nh xa . ğŸ’§ Äá»™c tá»‘ láº¡i Ä‘Æ°á»£c tháº£i ra ğŸ’§ Giáº£i toáº£ cháº¥t má»¡ mÃ  ta cho thá»«a ğŸ’§ Äáº§y hÆ¡i tÃ¡o bÃ³n xin chá»«a ğŸ’§ Bao tá»­ tiÃªu hoÃ¡ nhuáº­n trÆ°á»ng ruá»™t thÃ´ng ğŸ’§ ÄÆ°á»ng huyáº¿t hay háº¡ tÄƒng xÃ´ng ğŸ’§ Kengen há»— trá»£ lÆ°u thÃ´ng Ä‘á»u hoÃ  ğŸ’§ Nhiá»…m trÃ¹ng Ä‘Æ°á»ng tiá»ƒu tiáº¿t ra ğŸ’§ NÆ°á»›c giÃºp giáº£i quyáº¿t chá»‰ nÄƒm ba tuáº§n ğŸ’§ Giáº£m cÆ¡n hen suyá»…n Ä‘Ã¡ng má»«ng ğŸ’§ LÆ°á»£ng Ä‘Æ°á»ng trong mÃ¡u cÅ©ng ngá»«ng tÄƒng cao ğŸ’§ NgoÃ i da dá»‹ á»©ng rÃ¡t cÃ o ğŸ’§ Giáº£i toáº£ Ä‘Æ°á»£c bá»‡nh táº¿ bÃ o phá»¥c sinh ğŸ’§ Tháº§n kinh toáº¡ khÃ³p sÆ°ng phÃ¬nh ğŸ’§ Giáº£m Ä‘au tháº¥y rÃµ thÃ¢n hÃ¬nh dáº»o dai ğŸ’§ Tháº·ng dÆ° a xÃ­t bÃªn trong ğŸ’§ P H huyáº¿t dá»‹ch lÆ°u thÃ´ng quÃ¢n bÃ¬nh ğŸ’§ Nan y vi rÃºt biáº¿n gen ğŸ’§ Tháº§n Y phÃ²ng bá»‡nh Kangen Y Khoa.
#HonKan #Tonytho #kangen #Melbourne"|fb_group_post|2020/07/03 21:49:14|4.825449349764511e+18
100009595154171|2548656475464166|||Ba máº¹ bá» Äi chÆ¡i á»Ÿ Ä‘Ã¢u,ko dáº¯t sÃ³c Äi, sÃ³c ko cáº§n ná»¯a sÃ³c cÃ³ ná»™i rá»“i nÃ¨|fb_user_post|2020/07/03 20:27:44|2.0585717241105925e+18
100004259654989|1590475474437759|||"NÆ¯á»šC Gá»ªNG NÃ“NG CÃ“ THá»‚ CHá»®A ÄÆ¯á»¢C 10 Bá»†NH SAU
1. LoÃ©t miá»‡ng: Sá»­ dá»¥ng nÆ°á»›c gá»«ng nÃ³ng Ä‘á»ƒ thay tháº¿ trÃ , uá»‘ng khoáº£ng 2 - 3 láº§n/ngÃ y, thÆ°á»ng lÃ  uá»‘ng khoáº£ng 6 - 9 láº§n, .báº¡n sáº½ cÃ³ cáº£m giÃ¡c bá» máº·t váº¿t loÃ©t cÃ³ thá»ƒ khÃ´ láº¡i vÃ  biáº¿n máº¥t, tÃ¬nh tráº¡ng da miá»‡ng sáº½ dáº§n há»“i phá»¥c.
2. SÃ¢u rÄƒng: Trong trÆ°á»ng há»£p báº¡n bá»‹ sÃ¢u rÄƒng táº¥n cÃ´ng, náº¿u phÃ¡t hiá»‡n sá»›m, hÃ£y cá»‘ gáº¯ng sÃºc miá»‡ng báº±ng nÆ°á»›c gá»«ng nÃ³ng má»—i ngÃ y vÃ o buá»•i sÃ¡ng vÃ  tá»‘i. Náº¿u tÃ¬nh tráº¡ng cáº§n pháº£i xá»­ lÃ½ nhanh chÃ³ng thÃ¬ cÃ³ thá»ƒ uá»‘ng nhiá»u láº§n trong ngÃ y thay cho trÃ .
PhÆ°Æ¡ng phÃ¡p nÃ y khÃ´ng chá»‰ cÃ³ hiá»‡u quáº£ trong viá»‡c báº£o vá»‡ rÄƒng, mÃ  cÃ²n cÃ³ thá»ƒ giÃºp báº¡n ngÄƒn ngá»«a vÃ  Ä‘iá»u trá»‹ sÃ¢u rÄƒng.
3. Äau ná»­a Ä‘áº§u: Khi cÆ¡n Ä‘au ná»­a Ä‘áº§u táº¥n cÃ´ng, báº¡n cÃ³ thá»ƒ ngÃ¢m hai bÃ n tay cá»§a mÃ¬nh vÃ o nÆ°á»›c gá»«ng nÃ³ng, ngÃ¢m trong khoáº£ng 15 phÃºt, cÆ¡n Ä‘au sáº½ giáº£m bá»›t hoáº·c tháº­m chÃ­ biáº¿n máº¥t.
4. ViÃªm nha chu: Khi phÃ¡t hiá»‡n báº¡n bá»‹ bá»‡nh viÃªm nha chu, Ä‘au vÃ¹ng chÃ¢n rÄƒng, Ä‘iá»u Ä‘áº§u tiÃªn báº¡n nÃªn lÃ m lÃ  hÃ£y sá»­ dá»¥ng nÆ°á»›c gá»«ng nÃ³ng Ä‘á»ƒ uá»‘ng thay tháº¿ trÃ  vÃ o má»—i buá»•i sÃ¡ng vÃ  buá»•i tá»‘i.
5. Má»¥n trá»©ng cÃ¡ trÃªn máº·t: Nhiá»u ngÆ°á»i bá»‹ ná»•i má»¥n trá»©ng cÃ¡ khÃ¡ nhiá»u trÃªn máº·t, Ä‘áº·c biá»‡t lÃ  thanh thiáº¿u niÃªn. Trong trÆ°á»ng há»£p nÃ y, báº¡n cÃ³ thá»ƒ thá»­ Ã¡p dá»¥ng bÃ i thuá»‘c tá»« nÆ°á»›c gá»«ng báº±ng cÃ¡ch rá»­a máº·t báº±ng nÆ°á»›c gá»«ng nÃ³ng má»—i ngÃ y vÃ o sÃ¡ng vÃ  tá»‘i, kiÃªn trÃ¬ trong khoáº£ng 60 ngÃ y, má»¥n sáº½ biáº¿n máº¥t.
PhÆ°Æ¡ng phÃ¡p nÃ y cÅ©ng cÃ³ tÃ¡c dá»¥ng trá»‹ liá»‡u nháº¥t Ä‘á»‹nh Ä‘á»‘i vá»›i tÃ n nhang vÃ  da khÃ´.
6. Huyáº¿t Ã¡p cao: Khi cÃ³ cÃ¡c triá»‡u chá»©ng huyáº¿t Ã¡p cao xuáº¥t hiá»‡n, báº¡n cÃ³ thá»ƒ ngÃ¢m chÃ¢n báº±ng nÆ°á»›c gá»«ng nÃ³ng trong khoáº£ng 15 phÃºt. NÆ°á»›c gá»«ng nÃ³ng lÃ m Æ°á»›t chÃ¢n, ngÃ¢m nhÆ° váº­y cÃ³ thá»ƒ khiáº¿n cÃ¡c máº¡ch mÃ¡u giÃ£n ra vÃ  khiáº¿n huyáº¿t Ã¡p háº¡ dáº§n xuá»‘ng Ä‘áº¿n má»©c cÃ¢n báº±ng.
7. Bá»‡nh giun Ä‘Å©a: TrÆ°á»›c khi Ä‘i ngá»§ má»—i ngÃ y, rá»­a háº­u mÃ´n vÃ  vÃ¹ng xung quanh báº±ng nÆ°á»›c gá»«ng nÃ³ng, sau Ä‘Ã³ uá»‘ng 1 - 2 cá»‘c nÆ°á»›c gá»«ng nÃ³ng trong khoáº£ng 10 ngÃ y Ä‘á»ƒ loáº¡i bá» chá»©ng giun Ä‘Å©a.
8. MÃ¹i hÃ´i chÃ¢n: MÃ¹i hÃ´i chÃ¢n cÃ³ thá»ƒ khiáº¿n báº¡n máº¥t tá»± tin, lÃ m phiá»n nhá»¯ng ngÆ°á»i xung quanh. Náº¿u bá»‹ triá»‡u chá»©ng nÃ y, báº¡n nÃªn Ã¡p dá»¥ng bÃ i thuá»‘c chá»¯a hÃ´i chÃ¢n báº±ng cÃ¡ch sau Ä‘Ã¢y.
NhÃºng ngÃ¢m chÃ¢n vÃ o nÆ°á»›c gá»«ng nÃ³ng, thÃªm má»™t chÃºt muá»‘i vÃ  giáº¥m khi ngÃ¢m. Duy trÃ¬ viá»‡c ngÃ¢m chÃ¢n khoáº£ng 15 phÃºt, lau khÃ´, sau Ä‘Ã³ cÃ³ thá»ƒ bÃ´i chÃºt pháº¥n rÃ´m lÃªn chÃ¢n, mÃ¹i hÃ´i cÃ³ thá»ƒ Ä‘Æ°á»£c nhanh chÃ³ng loáº¡i bá».
9. Äau Ä‘áº§u, cáº£m láº¡nh: NgÃ¢m chÃ¢n trong nÆ°á»›c gá»«ng nÃ³ng, Ä‘á»ƒ má»±c nÆ°á»›c cao á»Ÿ má»©c cÃ³ thá»ƒ Ä‘Æ°á»£c lÃ m ngáº­p xÆ°Æ¡ng máº¯t cÃ¡ chÃ¢n. Khi ngÃ¢m, thÃªm muá»‘i vÃ  giáº¥m vÃ o nÆ°á»›c gá»«ng nÃ³ng, vÃ  thÃªm nÆ°á»›c nÃ³ng liÃªn tá»¥c, ngÃ¢m cho Ä‘áº¿n khi chÃ¢n cÃ³ mÃ u há»“ng Ä‘á». PhÆ°Æ¡ng phÃ¡p nÃ y cÃ³ tÃ¡c dá»¥ng Ä‘Ã¡ng ká»ƒ Ä‘á»‘i vá»›i cÃ¡c chá»©ng bá»‡nh phÃ¡t sinh do cáº£m láº¡nh, Ä‘au Ä‘áº§u vÃ  ho.
10. Äau lÆ°ng eo vÃ  vai: Äáº§u tiÃªn, sau khi xuáº¥t hiá»‡n cÃ¡c triá»‡u chá»©ng Ä‘au, báº¡n cÃ³ thá»ƒ thÃªm má»™t chÃºt muá»‘i vÃ  giáº¥m vÃ o nÆ°á»›c gá»«ng nÃ³ng, sau Ä‘Ã³ sá»­ dá»¥ng má»™t chiáº¿c khÄƒn ngÃ¢m trong nÆ°á»›c vÃ  Ã¡p (Ä‘áº¯p) nÃ³ vÃ o khu vá»±c bá»‹ Ä‘au, thá»±c hiá»‡n nhiá»u láº§n.
PhÆ°Æ¡ng phÃ¡p nÃ y cÃ³ thá»ƒ lÃ m cho cÃ¡c cÆ¡ thay Ä‘á»•i tá»« tá»« tá»«, chÃºng Ä‘Æ°á»£c thÆ° giÃ£n, giáº£m cÄƒng tháº³ng vÃ  thÆ° giÃ£n, tháº£ lá»ng cÃ¡c cÆ¡, viá»‡c nÃ y cÃ³ thá»ƒ lÃ m giáº£m Ä‘au ráº¥t nhiá»u. Nguá»“n ST"|fb_user_post|2020/07/03 20:48:28|7.470015374563065e+18
100009453343509|4476197269064657|||Chun Ä‘áº¹p cho ra nhá»¯ng Ä‘Æ°á»ng bo siÃªu pháº©m áº¡! 100k/1kg chun Chun 7 li may bo gáº¥u cÃ¡c Ä‘Æ°á»ng mÃ©p Ãªm dáº§y vá»«a má»m Ä‘anh cá»±c Ä‘áº¹p áº¡. Chun 2.5cm, 3cm, 4cm,10cm may cáº¡p quáº§n chun cáº¡p quáº§n táº­p cháº¯c cháº¯n Ãªm bá»¥ng khÃ´ng bao giá» pháº£i nghÄ© Ä‘áº¿n viá»‡c thay chun áº¡. Ren trang trÃ­ 1-2k/1m. Ren Ä‘á»“ lÃ³t 5k1m báº£n 17cm|fb_group_post|2020/07/03 08:24:41|5.034030263278417e+18
100000213931991|3815062281844199|||"ğŸ‘‰Äá»“ng há»“ thÃ´ng minh M ICHAEL K ORS
ğŸ‘‰Äá»“ng há»“ cáº£m á»©ng MK siÃªu thÃ´ng minh, sang cháº£nh, Ä‘áº¹p tá»«ng milimet
CÃ³ 1 cÃ¡i mÃ u há»“ng dÃ¢y cao su Ã h. Ai muá»‘n dÃ¢y mÃ u gÃ¬ tá»± thay nhÃ©
#3xxxk ráº» xá»‰u lun PTN
Ai thÃ­ch há»‘t nhanh ko háº¿t sale lÃ  vá» giÃ¡ cÅ© Ã¡.
ğŸ‘‰Case 41mm, má»ng 11mm
ğŸ‘‰Bá»™ nhá»›: 4GB, Há»‡ Ä‘iá»u hÃ nh: Wear OS by Google, TÃ­ch há»£p: Android OS 4.4+, iOS 9.3+
ğŸ‘‰Káº¿t ná»‘i: BluetoothÂ® Smart Enabled / 4.1 Low Energy, Wi-Fi 802.11 b/g/n
ğŸ‘‰Thá»i lÆ°á»£ng pin: Sáº¡c 2 tiáº¿ng, sá»­ dá»¥ng trong vÃ²ng 12 tiáº¿ng
ğŸ‘‰Processor: QualcommÂ® Snapdragonâ„¢ Wear 2100
ğŸ‘‰Phá»¥ kiá»‡n Ä‘i kÃ¨m: SÃ¡ch hÆ°á»›ng dáº«n/ Sá»• báº£o hÃ nh/ DÃ¢y sáº¡c USB
ğŸ‘‰ğŸ‘‰Chá»©c nÄƒng chÃ­nh:
TÃ­ch há»£p há»‡ Ä‘iá»u hÃ nh Wear OS, Káº¿t ná»‘i vá»›i IOS vÃ  Android, Káº¿t ná»‘i Bluetooth, Äá»“ng bá»™ káº¿t ná»‘i
Thay Ä‘á»•i hÃ¬nh ná»n, ThÃ´ng bÃ¡o, Táº£i á»©ng dá»¥ng, Tráº£ lá»i tin nháº¯n (Android)
ğŸ‘‰BÃ¡o Thá»©c, ThÃ´ng bÃ¡o Lá»‹ch, Sáº¡c nhanh, ğŸ‘‰Äo Ä‘áº¡c cÃ¡c hoáº¡t Ä‘á»™ng sá»©c khá»e
Thá»i tiáº¿t, Äáº¿m bÆ°á»›c chÃ¢n, Äiá»u khiá»ƒn nháº¡c, Tá»± Ä‘iá»u chá»‰nh mÃºi giá» quá»‘c táº¿."|fb_user_post|2020/07/03 18:30:39|8.367802859892977e+17
100005860062474|1437536909784964|||"keep it up ğŸ¤˜
Hello má»i ngÆ°á»i, mÃ¬nh lÃ  Vic! â™¬MÃ¬nh Ä‘Ã£ lÃ m producer Ä‘Æ°á»£c 4 nÄƒm, há»£p tÃ¡c vÃ  lÃ m viá»‡c cÃ¹ng ráº¥t nhiá»u cÃ¡c nghá»‡ sÄ© tráº» tuá»•i, tÃ i nÄƒng nhÆ°ng thiáº¿u Ä‘i má»™t NHÃ€ TÃ€I TR.á»¢ quáº£ng bÃ¡, giá»¯ báº£n quyá»n vÃ  mang Ã¢m nháº¡c cá»§a chÃºng ta Ä‘áº¿n gáº§n hÆ¡n vá»›i ngÆ°á»i nghe. â™¬ChÃ­nh vÃ¬ Ä‘Ã³ mÃ  cÃ¡c nghá»‡ sÄ© lÃ¢u nÄƒm cÅ©ng nhÆ° má»›i cháº­p chá»¯ng vÃ o nghá» Ä‘Ã£ táº­p há»£p láº¡i vÃ  cÃ¹ng nhau láº­p ra team ğ“›ğ“-ğ“•ğ“˜ ğ“¢ğ“ğ“¤ğ“ğ““ğ“©
ğŸ¼ LO-FI SOUNDZ BAO Gá»’M: - Äá»™i ngÅ© truyá»n thÃ´ng, admin lÃ¢u nÄƒm dÃ y kinh nghiá»‡m - Äá»™i design banner, artwork, video lyrics - Äá»™i ngÅ© producer (2 prod bao gá»“m Vic), nháº­n phá»‘i beat - Äá»™i ngÅ© singer, rapper, record n mix n master - KÃªnh youtube ğ“›ğ“¸-ğ“¯ğ“² ğ“¢ğ“¸ğ“¾ğ“·ğ“­ğ”ƒ ğ“ğ“¯ğ“¯ğ“²ğ“¬ğ“²ğ“ªğ“µ vá»›i hÆ¡n 115K lÆ°á»£t sub - Trang fanpage ğ“›ğ“¸-ğ“¯ğ“² ğ“¢ğ“¸ğ“¾ğ“·ğ“­ğ”ƒ vá»›i má»¥c Ä‘Ã­ch quáº£ng bÃ¡ Ã¢m nháº¡c vÃ  support kÃªnh youtube
ğŸ¼ LO-FI SOUNDZ HOáº T Äá»˜NG THEO NGUYÃŠN Táº®C: â™ª CHUYÃŠN NGHIá»†P: má»i sáº£n pháº©m Ã¢m nháº¡c gá»­i vá» page Ä‘á»u Ä‘Æ°á»£c Ä‘á»™i ngÅ© admin kiá»ƒm duyá»‡t kÄ© vá» cháº¥t lÆ°á»£ng, ca tá»«, báº£n quyá»n beat trÆ°á»›c khi up lÃªn fanpage vÃ  youtube. â™ª Táº¬N TÃ‚M: cÃ¡c sáº£n pháº©m sau khi thÃ´ng qua kiá»ƒm duyá»‡t sáº½ Ä‘Æ°á»£c Ä‘áº§u tÆ° vá» banner, artwork, video lyrics vÃ  quáº£ng bÃ¡ rá»™ng trÃªn cÃ¡c há»‡ thá»‘ng fanpage, youtube cÅ©ng nhÆ° cÃ¡c trang cá»§a cá»™ng Ä‘á»“ng Rap Viá»‡t â™ª KHÃ”NG NGá»ªNG Cá» Gáº®NG: team luÃ´n luÃ´n trau dá»“i kiáº¿n thá»©c vÃ  kÄ© nÄƒng trong má»i lÄ©nh vá»±c Ä‘á»ƒ mang láº¡i nhá»¯ng sáº£n pháº©m Ã¢m nháº¡c cháº¥t lÆ°á»£ng nháº¥t!
ğŸ¼ LO-FI SOUNDZ ÄANG CHÃ€O ÄÃ“N CÃC Báº N: ğŸ§ Youtube: https://www.youtube.com/channel/UCUzqhbX9UMLeU7v9NHhaYoA ğŸ§ Fanpage: https://www.facebook.com/LoFiSoundz/?notif_id=1593751180043555&notif_t=page_fan
#LofiSoundz #Vic"|fb_user_post|2020/07/03 17:45:56|2.2695383816956124e+18
100012963099351|986672038441557|||"BÆ°á»›c chÃ¢n zÃ´ quÃ¡n Ä‘Ã¨n má», ngá»“i gáº§n con gÃ¡i ko sá» lÃ  ngu ThÃ  ráº±ng cáº¯t tÃ³c Ä‘i tu, ngá»“i gáº§n con gÃ¡i ngu sao mÃ  ko sá» ğŸ˜…ğŸ˜‚ğŸ¤£
NgÆ°á»i trai nhÆ° nÃ y xá»©ng Ä‘Ã¡ng lÃ  ThiÃªn Tháº§n !"|fb_user_post|2020/07/03 17:19:31|8.092578027325486e+18
100051779271712|3207056956004619|3207056956004619_3207060859337562||VIDEO Full HD EM tháº§n dÃ¢m TrÃ¢m Anh cá»±c cháº¥t anh emvÃ o Ä‘á»ƒ xem----> Phim 18+|fb_group_comment|2020/07/03 16:24:37|1.4343744891618967e+18
100049873205344|147142876958152|||Anh em Ä‘Ã£ náº¯m báº¯t Ä‘Æ°á»£c quáº£ trend á»‘i dá»“i Ã´i nÃ y chÆ°a áº¡ :v #mimi|fb_user_post|2020/07/03 20:59:56|2.803165508708171e+18
100045230851968|175312923986402|||- Max 100 ÄÃ i Loan . Ä‘á»i Ä‘áº§u mÃ¡y siÃªu bá»n .BÃ¡n 1Tr950.1Tr950.1Tr950.1Tr950. - MÃ¡y mÃ³c nguyÃªn zin Ãªm ru thÃ¬ tháº§m . Ão sá»‘ng nhÆ° hÃ¬nh . BÃ¡nh mÄƒm má»›i tinh + PÃ´ theo xe ná»• áº¥m . Äá»“ng há»“ zin hoáº¡t Ä‘á»™ng tá»‘t . full má»i chá»©c nÄƒng . Mua vá» Ä‘á»— xÄƒng dÃ´ lÃ  Ä‘i thÃ´i nhÃ© . Ko tá»‘n báº¥t ká»³ 1 ngÃ n nÃ o sá»­a chá»¯a nhÃ© . - Giáº¥y tá» Ä‘áº§y Ä‘á»§ . Bstp - BÃ¡n bao tranh cháº¥p trá»™m cáº¯p toÃ n quá»‘c . - GiÃ¡ bÃ¡n : 1Tr950 .Bá»›t xÄƒng cho ai nhanh gá»n láº¹ nha . - Mua vá» lÃ  Ä‘i ngay nhÃ© ko cáº§n sá»¯a chá»¯a gÃ¬ háº¿t nha .bao cÃ y bá»«a thoáº£i mÃ¡i . - Call : 0866896537 - Koi Xe Há»‘c MÃ´n . QL22 .|fb_user_post|2020/07/03 08:58:18|2.681597916565376e+18
100002056753472|3184697668275427|||"Hay
(LIVE) âœ… Dáº Y CON Báº¢N LÄ¨NH NHÆ¯ Äáº I BÃ€NG | Tráº§n Viá»‡t QuÃ¢n Buá»•i chia sáº» vá»›i nhá»¯ng phá»¥ huynh trÆ°á»ng Pathway Tuá»‡ Äá»©c vá» chá»§ Ä‘á» \Dáº¡y Con Báº£n LÄ©nh NhÆ° Äáº¡i BÃ ng\"" táº¡i cÆ¡ sá»Ÿ 3/12 LÃª Thá»‹ RiÃªng, P. Thá»›i An, Quáº­n 12, ThÃ nh phá»‘."""|fb_user_post|2020/07/03 10:39:28|9.110453940040408e+18
100003160433491|3086973038084680|||Sá»¯a táº¯m Cocovel hÃ ng chÃ­nh hÃ£ng ğŸ˜ğŸ˜ğŸ˜ ThÆ¡m ná»©c mÅ©i, siÃªu to khá»•ng lá»“ mÃ¡t má»m má»‹n láº¯m. NÃ³i chung lÃ  chim Æ°ng cá»±c kÃ¬. CÃ¡c bÃ¡c muá»‘n thá»­ qua luÃ´n nhÃ  em Ä‘iá»‡n nÆ°á»›c Ä‘áº§y Ä‘á»§ táº¯m phÃ¡t thÆ¡m ná»©c mÅ©i ğŸ˜ğŸ˜ğŸ˜ HÃ ng cÃ³ sáºµn nhaaaa|fb_user_post|2020/07/03 17:25:41|1.605968811045842e+18
100001638653812|3234912519906671|||"NGÃ€Y TRÆ¯á»šC RA ÄÃ“ MÃ€ KO THáº¤Y Äáº¸P NHÆ¯ NÃ€Y! MONG 1 NGÃ€Y ÄI Äáº¾N!
Ká»³ Co - ThiÃªn Ä‘Æ°á»ng biá»ƒn Ä‘áº£o â€œÄ‘áº¹p quÃªn lá»‘i vá»\ á»Ÿ Quy NhÆ¡n"|||
#MÃ¹anÃ y|||||||
"NhÃ³m: fb.com/groups/binhdinhgr"""|fb_user_post|2020/07/03 15:26:26|9016412030637745854||||
100004044295396|2011706505640806|||Cáº§n bÃ¡n vison odo 7,6k 1 chá»§ bs Äá»©c hÃ²a, long an. GiÃ¡ ib xem xe Ä‘á»©c hÃ²a Ä‘Ã´ng, Ä‘á»©c hÃ²a, long an|fb_user_post|2020/07/03 18:26:25|7.069779282764009e+18
100029727766057|333514440982812|||"â˜˜ï¸ CÃ´ng viá»‡c hÃ¡i rau vÃ  nháº·t rau lÃ  nhá»¯ng cÃ´ng viá»‡c diá»…n ra hÃ ng ngÃ y, hÃ ng giá» Ä‘á»‘i vá»›i chá»‹ em. NhÆ°ng ngÃ y hÃ´m qua báº¡n vá»«a Ä‘i lÃ m nail vá», báº¡n khÃ´ng muá»‘n bá»™ nail cá»§a mÃ¬nh bá»‹ á»‘ mÃ u
GiÃ¡: 35k/bá»™
ğŸ¤©NgÃ³n tay silicon cÃ³ Ä‘á»™ co giÃ£n Ä‘á»™c Ä‘Ã¡o giÃºp báº¡n cáº£m tháº¥y thoáº£i mÃ¡i khi Ä‘eo nÃ³. ThÃ­ch há»£p Ä‘á»ƒ hÃ¡i rau, dÃ¢u tÃ¢y vÃ  nho cÅ©ng nhÆ° tá»‰a cÃ nh. Cáº¯t bá» cÃ¡c loáº¡i gia vá»‹ trá»“ng táº¡i nhÃ . NgoÃ i ra, sá»­ dá»¥ng nÃ³ trong viá»‡c chuáº©n bá»‹ cÃ¡c sáº£n pháº©m thá»‹t Ä‘á»ƒ lÃ m xÃºc xÃ­ch. Äiá»u nÃ y tÆ°Æ¡ng Ä‘Æ°Æ¡ng vá»›i má»™t mÃ³ng tay máº¡nh máº½ vÃ  sáº¯c nÃ©t, cÃ³ thá»ƒ thay tháº¿ nhiá»u mÃ³ng tay, vÃ  thuáº­n tiá»‡n vÃ  nhanh chÃ³ng hÆ¡n. Nhá»¯ng mÃ³n quÃ  tuyá»‡t vá»i cho máº¹ hoáº·c bá»‘, tháº­m chÃ­ cho nhá»¯ng ngÆ°á»i báº¡n yÃªu thÃ­ch lÃ m vÆ°á»n ThÃ´ng sá»‘ ká»¹ thuáº­t - Cháº¥t liá»‡u: silicon, thÃ©p khÃ´ng gá»‰ - KÃ­ch thÆ°á»›c: Khoáº£ng 4,5x3x3cm. - ÄÆ°á»£c lÃ m tá»« cháº¥t liá»‡u cao cáº¥p, gÄƒng tay cÃ³ Ä‘á»™ bá»n cao, sá»­ dá»¥ng lÃ¢u dÃ i."|fb_user_post|2020/07/03 22:02:33|3.889997723225421e+18
100010761762390|1145634492471932|||"ğŸ‚ğŸ‚TOM FORD OUD WOOD 
Náº¿u pháº£i Ä‘á»‹nh nghÄ©a khÃ¡i niá»‡m Ä‘Ã n Ã´ng qua 1 mÃ¹i hÆ°Æ¡ng cá»¥ thá»ƒ, Ä‘Ã³ cháº¯c cháº¯n lÃ  TomFord OudWood
Thá»© mÃ¹i gá»— cá»©ng cÃ¡p, ráº¯n rá»i, tinh táº¿, sÃ¢u láº¯ng nhiá»u tá»± sá»±. trÃ n ngáº­p hÆ°Æ¡ng vá»‹ cá»§a sá»± giÃ u sang, uy quyá»n vÃ  dÆ°á»ng nhÆ° sinh ra Ä‘á»ƒ dÃ nh riÃªng cho nhá»¯ng gÃ£ â€œTiÃªu tiá»n quyá»ƒnâ€.ğŸ’¸
ğŸ“Œ Sáºµn full 50ml"|fb_user_post|2020/07/03 20:46:54|7.137819836679933e+18
100013464946118|963607047431451|||"ğŸŒ½ \NGON QUÃŠN Sáº¦U\"" NGÃ” XÃ€O TÃ‰P KHU Cáº¦U ÄEN ğŸŒ½"|||
Äá»©ng cÃ¡ch má»™t Ä‘oáº¡n thÃ´i mÃ  váº«n ngá»­i Ä‘Æ°á»£c mÃ¹i thÆ¡m bay ra tá»« chiáº¿c xe hÃ ng nhá». Cáº£ quÃ¡n trÃªn má»™t chiáº¿c xe bÃ© váº­y thÃ´i. mÃ  biáº¿t bao lÃ  mÃ³n. <3|||||||
MÃ³n Äƒn nÃ³ng há»•i, thÆ¡m lá»«ng Ä‘áº§y á»¥ má»™t há»™p tá»« ngÃ´, tÃ©p Ä‘áº¿n má»¡ hÃ nh. NguyÃªn liá»‡u Ä‘Æ¡n giáº£n váº­y thÃ´i nhÆ°ng Äƒn ngon láº¯m nhÃ©! Há»™p láº«n lá»™n lÃ  20k/há»™p (ngÃ´ ngá»t + náº¿p), há»™p thÆ°á»ng chá»‰ 15k thÃ´i nha!|||||||
QuÃ¡n bÃ¡n Ä‘áº¿n tá»‘i muá»™n nÃªn Ä‘i chÆ¡i Ä‘Ãªm cÅ©ng cÃ³ thá»ƒ ghÃ© vÃ o Äƒn nhÃ©!|||||||
ğŸ“Äá»‹a chá»‰: cáº§u Äen, TÃ´ Hiá»‡u, HÃ  ÄÃ´ng (Ä‘áº§u Ä‘Æ°á»ng BÃ  Triá»‡u ráº½ vÃ o) (17h-23h)|||||||
ğŸ’²15k/há»™p|||||||
"(Nguá»“n: Vietnamese Flavours)"""|fb_user_post|2020/07/03 19:32:53|7671077576636726644||||
100014837386565|924920221345882|||Má»–I NGÆ¯á»œI KHI SINH RA Äá»€U CÃ“ HAI Vá»Š THáº¦N LUÃ”N THEO BÃŠN Cáº NH ğŸ™|fb_user_post|2020/07/03 23:02:17|2.2097284444433362e+18
100013592087089|969412810188446|||Ão tráº¯ng cÃ³ khiáº¿n anh lo láº¯ng ğŸ˜‚ğŸ˜‚ BÃ©o khÃ´ng táº£ ná»•i luÃ´n ğŸ¤”|fb_user_post|2020/07/03 23:19:19|8.835033290256313e+18
100034337112002|304767917344443|||â¤Äam lien âœ… GiÃ¡ 390 $ âœ… Sine : S M L xl ğŸ‘‰ Mua dÆ°á»›i 1000 $ cÆ°á»›c phÃ­ 100 $ ( TrÃªn 1000 $ miá»…n cÆ°á»›c ). ( LÆ°u Ã½ BÃªn em khÃ´ng nháº­n Ä‘á»•i sine mong chi e thÃ´ng cÃ£m ) ğŸ‘‰ Nháº­n Ä‘á»•i tráº£ hÃ ng bá»‹ lá»—i vÃ  gá»­i nháº§m size âœ… Ä‘áº·t hÃ ng (7~14 ngÃ y nháº­n , thá»© 7, Cn nghi lÃ m viáº¹c ğŸ‘‰ nháº­n tim theo máº«u khÃ¡ch yÃªu cáº§u|fb_user_post|2020/07/03 23:34:17|8.707152261718803e+18
100005857384740|1357358884469345|||Nghe báº£o Hot láº¯m Ã½. Vá» hÃ ng cÅ©ng sá»‹n sÃ² long lanh nhÆ° áº£nh tháº­t. #2Xx|fb_user_post|2020/07/03 16:36:46|2.4776238825466424e+18
100008439948788|692770694619099|692770694619099_692793517950150||QuÃªn mÃ¬nh :( quÃªn chá»‹ quá»³nh quÃªn chá»‹ lá»‡ quÃªn trang rá»“i|fb_user_comment|2020/07/03 23:40:29|2.9696066135663406e+18
100005661305096|1302624686602896|||ğŸ‘‰ khÃ¡ch dÃ¹ng mÄ© pháº©m yody white phÆ°Æ¡ng anh cá»§a nhÃ  phÃ¢n phá»‘i Ngá»c Äiá»‡p Ä‘Æ°á»£c xÃ´ng máº·t miá»…n phÃ­ nhÃ©|fb_user_post|2020/07/03 22:21:17|8.51882146045442e+18
100006128507081|2643939579153633|||Anh lÃ  con trai, cÃ³ thá»ƒ yÃªu hay khÃ´ng cÃ²n pháº£i xem tÃºi tiá»n cÃ³ Ä‘á»§ tÆ° cÃ¡ch hay khÃ´ng ná»¯a|fb_user_post|2020/07/03 23:34:01|1.3034564632179182e+18
100040362247435|293680721987334|||"\Bá»‡nh lÃ¢u má»›i tháº¥y láº§m thuá»‘c chá»¯a Tuá»•i giÃ  má»›i tháº¥y há»‘i muá»™n thi thÆ°\"""|||
"HÃ£y quy chiáº¿u cuá»™c Ä‘á»i cá»§a chÃ­nh mÃ¬nh Ä‘á»ƒ tÃ¬m ra Ä‘Ã¡p Ã¡n, Ä‘á»ƒ Ä‘Æ°á»£c sung sÆ°á»›ng tá»™t cÃ¹ng ğŸ¥°ğŸ¥°ğŸ¥°"""|fb_user_post|2020/07/03 13:34:22|9033132850013820807||||
326554278268956|604674147123633|604674147123633_604678970456484||Máº¥y báº¡n biáº¿t vote aii comment khÃ´ng biáº¿t vá» giáº£i má»i ngÆ°á»i giáº£i Ä‘Ã¡p tháº¯c máº¯c dÃ¹m AD vá»›i. ChÃºng ta chung tay lÃ m nÃªn thÃ nh cÃ´ng cho BP nÃ o|fb_page_comment|2020/07/03 21:50:15|6.494640043823421e+18
100025142180855|699008087613924|||"Má»™t sáº£n pháº©m nhanh gá»n, tiá»‡n lá»£i, thÆ¡m ngon mÃ  váº«n Ä‘áº§y Ä‘á»§ cháº¥t dinh dÆ°á»¡ng cho bÃ© Ä‘Ã³ lÃ  Miáº¿n Äƒn liá»n ngÅ© vá»‹ Hikari Miso Nháº­t Báº£n. Má»™t gÃ³i miáº¿n to bao gá»“m 10 gÃ³i nhá» vá»›i 05 vá»‹ khÃ¡c nhau vÃ  toÃ n nhá»¯ng vá»‹ bÃ© sáº½ ráº¥t yÃªu thÃ­ch giÃºp máº¹ thoáº£i mÃ¡i Ä‘á»•i vá»‹ cho bÃ© mÃ  khÃ´ng sá»£ bÃ© nhÃ m chÃ¡n.
THÃ€NH PHáº¦N Cá»¦A MIáº¾N Ä‚N LIá»€N NGÅ¨ Vá»Š HIKARI MISO NHáº¬T Báº¢N: - Miáº¿n Hikari Miso Ä‘Æ°á»£c lÃ m tá»« gáº¡o Nháº­t. - NÆ°á»›c sÃºp Ä‘Æ°á»£c cÃ´ Ä‘áº·c tá»« Háº£i sáº£n , thá»‹t heo, rong biá»ƒn, Ä‘áº­u nÃ nh cÃ¹ng vá»›i cáº£i tháº£o, cÃ  rá»‘t, cá»§ cáº£i táº¡o. nÃªn nhiá»u hÆ°Æ¡ng vá»‹ thÆ¡m ngon. - 5 hÆ°Æ¡ng vá»‹bao gá»“m : CÃ¡ , háº£i sáº£n, rong biá»ƒn , trá»©ng vÃ  Ä‘áº­u nÃ nh.
Æ¯U ÄIá»‚M VÆ¯á»¢T TRá»˜I Cá»¦A MIáº¾N Ä‚N LIá»€N NGÅ¨ Vá»Š HIKARI MISO NHáº¬T Báº¢N: - ÄÆ°á»£c biáº¿t Ä‘áº¿n nhÆ° lÃ  má»™t trong nhá»¯ng dÃ²ng miáº¿n Ä‘Æ°á»£c yÃªu thÃ­ch nháº¥t á»Ÿ Nháº­t Báº£n vÃ  HÃ n Quá»‘c. - HÆ°Æ¡ng vá»‹ cá»±c thÆ¡m ngon, dá»… Äƒn. Sáº£n pháº©m bÃ¡n ráº¥t cháº¡y táº¡i Nháº­t Báº£n vÃ  Ä‘ang dáº§n má»™t trá»Ÿ nÃªn quen thuá»™c Ä‘á»‘i vá»›i cÃ¡c máº¹ Viá»‡t. - Má»™t tÃºi Ä‘Ã³ng gÃ³i 10 gÃ³i nhá», má»—i gÃ³i nhá» cÃ³ 5 vá»‹ khÃ¡c nhau phÃ¹ há»£p vá»›i khÃ´ng chá»‰ tráº» nhá» mÃ  ngÆ°á»i lá»›n cÅ©ng ráº¥t thÃ­ch Äƒn. - LÃ  sáº£n pháº©m cá»§a Nháº­t Báº£n Ä‘Æ°á»£c chá»©ng nháº­n an toÃ n, cÃ¡c máº¹ khÃ´ng pháº£i lo mua pháº£i nhá»¯ng loáº¡i miáº¿n khÃ´ng rÃµ nguá»“n gá»‘c, trÃ´i ná»•i trÃªn thá»‹ trÆ°á»ng, khÃ´ng cÃ³ nhÃ£n mÃ¡c gÃ¬. - Miáº¿n cÃ³ Ä‘á»™ dai vá»«a pháº£i nÃªn khÃ´ng bá»‹ nÃ¡t khi náº¥u mÃ  váº«n dá»… nhai vÃ  nuá»‘t. - Dá»… cháº¿ biáº¿n, cá»±c tiá»‡n lá»£i náº¿u mang Ä‘i Äƒn picnic. - ÄÆ°á»£c lÃ m tá»« nhá»¯ng nguyÃªn liá»‡u cao cáº¥p nÃªn ráº¥t an toÃ n. - Gia vá»‹ lÃ  nÆ°á»›c sá»‘t Ä‘áº­m Ä‘Ã  nhÆ°ng khÃ´ng há» sá»­ dá»¥ng báº¥t cá»© má»™t cháº¥t Ä‘á»™c háº¡i nÃ o. - Ä‚n sÃ¡ng hay chá»n lÃ m Äƒn bá»¯a phá»¥ cÅ©ng ráº¥t tá»‘t cho bÃ©, Ä‘áº£m báº£o Ä‘áº§y Ä‘á»§ dÆ°á»¡ng cháº¥t.
CÃCH CHáº¾ BIáº¾N MIáº¾N Ä‚N LIá»€N NGÅ¨ Vá»Š HIKARI MISO NHáº¬T Báº¢N: - TÃºi Ä‘Ã³ng 10 gÃ³i, tÃ¹y kháº©u pháº§n Äƒn báº¡n dÃ¹ng sá»‘ lÆ°á»£ng gÃ³i khÃ¡c nhau. - Bá» miá»…n ra khá»i tÃºi rá»“i cho vÃ o bÃ¡t phÃ¹ há»£p. - Má»—i gÃ³i miáº¿n nhá» Ä‘Æ°á»£c pha vá»›i 160-180ml nÆ°á»›c sÃ´i. - Cho gÃ³i nÆ°á»›c sá»‘t gia vá»‹ vÃ o, Ä‘á»ƒ trong 3 phÃºt sau Ä‘Ã³ trá»™n Ä‘á»u lÃ  dÃ¹ng Ä‘Æ°á»£c ngay."|fb_user_post|2020/07/03 18:55:01|8.755009247759304e+18
100005755741413|1466387090229802|||"Bá»Ÿi vÃ¬ chai xÃ¬ dáº§u mÃ  cáº£ nhÃ  Ä‘c bá»¯a ngon quÃ¡ ğŸ˜‚ XÃ¬ dáº§u rang cÆ¡m Kikkoman Stir fry Michelin â­ï¸ Láº¡i fai thá» vÃ¬ nÃ³ qÃ¡ ngonnn ğŸ² Cho vÃ o rang cÆ¡m- rang thá»‹t nÃ³ vá»«a ngon mÃ u láº¡i vá»«a Ä‘áº¹p Ã½ mng áº¡ . CÃ³ 3 vá»‹ : Dipping seasoning Teriyaki ( cÃ¡i nÃ y rÆ°á»›i lÃªn thá»‹t quay háº¿t náº¥c nÃ¨) Stir - Fry ( cÃ¡i nÃ y e Ä‘ang Äƒn Ä‘Ã³ huhu ngon dÃ£ cáº£ mann) Em nÃ³i tháº­t nÃ³ ngon láº¯m Ã½ ai tin má»“m e cá»© ord thá»­ xem cÃ³ Ä‘Ãºng lÃ  nÃ³ ngon ko nha
ğŸ‡¹ğŸ‡­ORDER THAILAND ğŸ‡¹ğŸ‡­"|fb_user_post|2020/07/03 11:04:24|3.3353839891285284e+18
100009293978560|2653153505004423|||"Quáº©y cÃ¹ng chá»‹ xui :)
#T.ag chá»‹ xui tÆ°Æ¡ng lai ngay nÃ o"|fb_user_post|2020/07/03 14:06:52|7.039738602705749e+18
100006724158727|2689096681324444|||"COFFILIA - BY MINH TIEN COFFEE Sáº´N SÃ€NG CHÃ€O ÄÃ“N TÃN Äá»’ YÃŠU CÃ€ PHÃŠ
NgÃ y 29/06/2020, ngÃ´i nhÃ  má»›i cá»§a Minh Tiáº¿n Coffee táº¡i 75 HÃ ng MÃ£ Ä‘Ã£ chÃ­nh thá»©c Ä‘i vÃ o hoáº¡t Ä‘.á»™ng sau quÃ£ng thá»i gian thai nghÃ©n Ã½ tÆ°á»Ÿng, hiá»‡n thá»±c hÃ³a Æ°á»›c mÆ¡ khÃ´ng ngá»«ng nghá»‰. ÄÃ¢y mÃ£i lÃ  khoáº£nh kháº¯c khÃ´ng thá»ƒ nÃ o quÃªn cá»§a toÃ n thá»ƒ Ä‘á»™i ngÅ© Minh Tiáº¿n.
Trong hÃ nh trÃ¬nh 20 nÄƒm gáº¯n bÃ³ vá»›i cÃ  phÃª, Minh Tiáº¿n váº«n luÃ´n ao Æ°á»›c cÃ³ má»™t khÃ´ng gian chung Ä‘á»ƒ káº¿t ná»‘i nhá»¯ng ngÆ°á»i cÃ³ chung Ä‘am mÃª vá»›i thá»©c quáº£ Ä‘áº§y quyáº¿n rÅ© nÃ y.
Cuá»‘i cÃ¹ng, Coffilia, vá»›i Ã½ nghÄ©a \ngÆ°á»i Ä‘am mÃª cÃ  phÃª\"" cÅ©ng Ä‘Æ°á»£c ra Ä‘á»i, thá»a lÃ²ng mong má»i cá»§a cáº£ Ä‘á»™i ngÅ© Minh Tiáº¿n, trá»Ÿ thÃ nh khÃ´ng gian Ä‘á»ƒ má»i ngÆ°á»i tráº£i nghiá»‡m, tÃ¬m hiá»ƒu, chÃ¬m Ä‘áº¯m trong cÃ  phÃª."|||
KhÃ´ng chá»‰ lÃ  nÆ¡i gáº·p gá»¡, tÃ¢m tÃ¬nh bÃªn tÃ¡ch cÃ  phÃª ngon, Coffilia cÃ²n lÃ  khÃ´ng gian Ä‘á»ƒ nhá»¯ng trÃ­ Ã³c tÃ² mÃ² Ä‘Æ°á»£c táº­n máº¯t chá»©ng kiáº¿n toÃ n bá»™ quÃ¡ trÃ¬nh sáº£n xuáº¥t cÃ  phÃª Ä‘áº§y tá»‰ má»‰, cÃ´ng phu. Minh Tiáº¿n mong muá»‘n trong khÃ´ng gian nhá» bÃ© giá»¯a lÃ²ng thÃ nh phá»‘ nÃ y, tÃ­n Ä‘á»“ yÃªu cÃ  phÃª váº«n cÃ³ thá»ƒ cáº£m nháº­n Ä‘Æ°á»£c mÃ u xanh cá»§a nhá»¯ng Ä‘á»“i cÃ  phÃª bÃ¡t ngÃ¡t, mÃ u Ä‘á» cá»§a quáº£ chÃ­n má»ng, mÃ u nÃ¢u Ä‘áº¥t nhÃ²e trÃªn Ã¡o ngÆ°á»i nÃ´ng dÃ¢n, mÃ u vÃ ng cá»§a Ã¡nh Ä‘Ã¨n chong Ä‘Ãªm sáº£n xuáº¥t.|||||||
Minh Tiáº¿n gá»­i lá»i cáº£m Æ¡n nhá»¯ng ngÆ°á»i báº¡n Ä‘Ã£ Ä‘á»“ng hÃ nh cÃ¹ng Minh Tiáº¿n trong dáº¥u má»‘c trá»ng Ä‘ai nÃ y, cÃ¹ng trÃ¢n quÃ½ má»i báº¡n ghÃ© chÆ¡i, mang theo vÃ i ba cÃ¢u chuyá»‡n, Ä‘á»ƒ tá»« tÃ¬nh yÃªu cÃ  phÃª, chÃºng ta cÃ³ nhiá»u Ä‘iá»ƒm chung hÆ¡n ná»¯a.|||||||
"#minhtiencoffee #trainghiemnguyenban #giatritunguyenban ----------------------------------------------------- Minh Tiáº¿n Coffee - GiÃ¡ trá»‹ tá»« nguyÃªn báº£n â˜•Minh Tiáº¿n LÃ½ ThÆ°á»ng Kiá»‡t 45B LÃ½ ThÆ°á»ng Kiá»‡t - P. Tráº§n HÆ°ng Äáº¡o - Q.HoÃ n Kiáº¿m - HÃ  Ná»™i â˜•Minh Tiáº¿n LÃª Äáº¡i HÃ nh 45 LÃª Äáº¡i HÃ nh - P. LÃª Äáº¡i HÃ nh - Q. Hai BÃ  TrÆ°ng - HÃ  Ná»™i â˜• VÄƒn phÃ²ng bÃ¡n vÃ  trÆ°ng bÃ y sáº£n pháº©m 31 BÃ  Triá»‡u - P. HÃ ng BÃ i - Q. HoÃ n Kiáº¿m - HÃ  Ná»™i â˜• KhÃ´ng gian thÆ°á»Ÿng thá»©c, tráº£i nghiá»‡m cÃ  phÃª HÃ ng MÃ£ 75 HÃ ng MÃ£ - P. HÃ ng MÃ£ - Q. HoÃ n Kiáº¿m - HÃ  Ná»™i"""|fb_user_post|2020/07/03 12:27:53|6115260960058920524||||
100035154071775|309438280237972|||HOT HOT HOT ğŸ’¥ğŸ’¥ğŸ’¥ ğŸ”¥ Äá»¢T CUá»I NHáº¬P Cáº¢NH TRONG T7 ğŸŒ¸CÃ¡c KHÃCH TQ muá»‘n qua Viá»‡t Nam , liÃªn há»‡ em Ä‘á»ƒ ghÃ©p ná»‘t Ä‘oÃ n áº¡. Tá»‰ lá»‡ vÃ o 100% khÃ´ng vÃ o hoÃ n tiá»n. ğŸŒ¼Trá»n gÃ³i dá»‹ch vá»¥: ÄÃ“N KHÃCH Táº I Cá»¬A KHáº¨U Há»®U NGHá»Š QUAN - XIN CÃ”NG VÄ‚N Tá»ˆNH/CÃ”NG VÄ‚N NHáº¬P Cáº¢NH- LÃ€M VISA Táº I Cá»¬A KHáº¨U - PHÆ¯Æ NG PHÃP CÃCH LY ğŸŒˆğŸŒˆğŸŒˆ ÄÃƒ Äáº¾N Vá»šI EM THÃŒ Sáº¼ LÃ€: UY TÃN - NHANH Gá»ŒN - THá»¦ Tá»¤C KHÃ”NG RÆ¯á»œM RÃ€ . âœ¨ LiÃªn há»‡ em áº¡: 0865723488( em nhÃ n)|fb_user_post|2020/07/03 16:33:09|1.4572415690620145e+18
100029529521531|323848528609462|||Äá»«ng khÃ³c ná»¯a cÃ´ gÃ¡i Æ¡i, má»i chuyá»‡n rá»“i cÅ©ng sáº½ á»•n thÃ´i!|fb_user_post|2020/07/03 22:41:28|2.1935950873939287e+18
100012817458518|1006995603071012|||ğŸ€hÃ ng f1 chÃ­nh chá»§ má»›i ra lÃ² 4 ná»n Ä‘Ã£ bÃ¡n 2 ná»n chá»‰ cÃ²n chá»‰ cÃ²n 2 ná»n giÃ¡ ráº» nháº¥t thá»‹ trÆ°á»ng ğŸ€cÃ¡ch chá»£ vÃ²ng xoay hoÃ  khÃ¡nh chá»«ng 500m ğŸ€cÃ¡ch lá»™ lá»›n n2 chá»«ng 400m ğŸ€Náº±m trÃªn trá»¥c Ä‘á»«ong lá»›n 5m khu dÃ¢n cÆ° Ä‘Ã´ng Ä‘Ãºc ğŸ€Diá»‡n tÃ­ch ngang 5 dÃ i 40 thá»• cÆ° 100% . ğŸ€GiÃ¡ : 650tr thÆ°Æ¡ng lÆ°á»£ng lien há»‡ 0908.174.466ğŸ‘‰gáº·p trá»±c tiáº¿p chá»§|fb_user_post|2020/07/03 20:00:42|6.205119786686757e+18
100018203599319|654374721845975|||Äá»i ngÆ°á»i Ä‘á»u sáº½ tráº£i qua vui buá»“n khá»• Ã¡i. Äiá»u Ä‘áº·c biá»‡t lÃ  háº¡nh phÃºc rÆ¡i vÃ o Ä‘iá»ƒm cuá»‘i cÃ¹ng hay Ä‘iá»ƒm Ä‘áº§u tiÃªn má»›i lÃ  quan trá»ng.|fb_user_post|2020/07/03 21:50:07|6.834743773474068e+18
100007124885406|2736800259900777|||"Máº¥y nhÃ³c nÃ y Ä‘Ã´u háº¿t rá»“i vÃ o mÃ  nháº­n hÃ ng Ä‘Ãª
CÅ©ng hay"|fb_user_post|2020/07/03 20:27:42|2.304633431384286e+18
100027510902420|2659952840940575|2659952840940575_2659960854273107||A nÃ y á»Ÿ xÃ³m cÃ¢u muong thi pháº£i kg de ,c tháº¥y vá»£ áº£nh quen quen|fb_user_comment|2020/07/03 23:16:58|8.633752444945023e+18
100002619657574|2965238016906824|||"Má»i ngÆ°á»i Æ¡i, ai thÃ­ch Tá»° TRá»’NG Náº¤M Sáº CH táº¡i nhÃ  thÃ¬ gom mua chung vá»›i em cho vui nha, em mÃª trá»“ng máº¥y em nÃ y rá»“i ğŸ˜ğŸ˜ğŸ˜ğŸ˜
HÃ ng Ä‘áº·t lÃªn sá»‘ lÆ°á»£ng em má»›i dáº·n tráº¡i náº¥m vÃ´ phÃ´i nhÆ° tháº¿ nÃ y Ä‘Æ°á»£c nÃªn e ko cÃ³ sáºµn nha mn 
ğŸ“#15k / 1 phÃ´i náº¥m bÃ o ngÆ°
ğŸ“#60k / 5 phÃ´i"|fb_user_post|2020/07/03 19:48:31|4.02847203140513e+18
100024520742031|929074861253197|||"ğŸ™‚
zÃ´ diÃªn"|fb_user_post|2020/07/03 21:30:11|6.111966114822445e+18
100007906449698|2665647547042101|||"Hong Van Mai Thi chuáº©n k
Bá»¯a nÃ o táº­p há»£p bá»¯a i máº¥y máº¹ bá»‰m sá»¯a.ğŸ˜†ğŸ˜†ğŸ˜†ğŸ˜†"|fb_user_post|2020/07/03 22:47:57|2.147404204257119e+18
100003221550670|3214634925320528|||"TÃŒNH YÃŠU Cá»¦A Máº¸
BÃ  vá»«a bÆ°ng chÃ©n cÆ¡m lÃªn, gáº¯p má»™t miáº¿ng thá»‹t gÃ  bá» vÃ o chÃ©n. Con dÃ¢u liá»n trÆ°á»ng ngÆ°á»i tá»›i láº¥y tay Ä‘Ã¨ Ä‘Ã´i Ä‘Å©a cá»§a máº¹ chá»“ng, rá»“i ngá»t ngÃ o nÃ³i
-. áº¤y. . . áº¤y máº¹ giÃ  rá»“i khÃ´ng cÃ³ lÃ m gÃ¬ náº·ng nhá»c, Ä‘á»«ng nÃªn Äƒn nhá»¯ng thá»© nÃ y khÃ³ tiÃªu láº¯m. Ä‚n chá»«ng ná»­a chÃ©n cÆ¡m vá»›i Ã­t nÆ°á»›c tÆ°Æ¡ng lÃ  Ä‘á»§ rá»“i máº¹ áº¡
BÃ  tiu nghá»‰u buÃ´ng miáº¿ng thá»‹t gÃ  ra, cay Ä‘áº¯ng vÃ  vá»™i nhá»¯ng há»™t cÆ¡m vÃ o miá»‡ng mÃ  tÆ°á»Ÿng chá»«ng nhÆ° Ä‘ang nhai Ä‘Ã¡, cá»‘ nÃºt giá»t nÆ°á»›c máº¯t muá»‘n trÃ o ra ngoÃ i, bÃ  buÃ´ng tiáº¿ng thá»Ÿ dÃ i. Con dÃ¢u vá»«a gáº¯p miáº¿ng thá»‹t bá» vÃ o chÃ©n cho tháº±ng TÃ½, con trai nÃ ng vá»«a nÃ³i vá»›i máº¹ chá»“ng báº±ng má»™t cháº¥t giá»ng dá»‹u dÃ ng Ãªm Ã¡i
- Con cÅ©ng chá»‰ lo cho sá»©c khá»e máº¹ mÃ  thÃ´i.
Tháº±ng TÃ½ liá»n chen vÃ o
- Máº¹ nÃ³i ná»™i Äƒn nhiá»u, Äƒn thá»‹t khÃ´ng tá»‘t cho sá»©c khoáº», sao máº¹ láº¡i Ã©p con Äƒn nhiá»u vÃ o lÃ  sao
NÃ ng trá»«ng máº¯t lÃªn quÃ¡t
- Äá»“ con nÃ­t ranh. MÃ y biáº¿t gÃ¬ mÃ  nÃ³i. CÃ³ Äƒn khÃ´ng thÃ¬ báº£o
CÃ³ tiáº¿ng chuÃ´ng cá»­a. Con dÃ¢u Ä‘á»©ng dáº­y má»Ÿ cá»­a. Tháº±ng TÃ½ ngÆ°á»›c nhÃ¬n ná»™i, tháº¥y máº¯t ná»™i Æ°á»›t Æ°á»›t, nÃ³ biáº¿t ná»™i muá»‘n khÃ³c, liá»n thá» tháº» vá»›i ná»™i
- Ná»™i Ä‘á»«ng cÃ³ buá»“n, Ä‘á»ƒ con dáº¥u miáº¿ng thá»‹t gÃ  nÃ y lÃ¡t máº¹ con Ä‘i lÃ m rá»“i con láº¥y cho ná»™i Äƒn ha
NÃ³i xong, tháº±ng TÃ½ bá» miáº¿ng thá»‹t gÃ  vÃ o chÃ©n rá»“i cháº¡y Ã¹ xuá»‘ng báº¿p dáº¥u miáº¿ng thá»‹t gÃ  vÃ o má»™t gÃ³c báº¿p. BÃ  nhÃ¬n theo máº¯t rÆ°ng rÆ°ng. Láº¥y váº¡t Ã¡o lau vá»™i giá»t nÆ°á»›c máº¯t. Con trai vá»«a bÆ°á»›c vÃ o tháº¥y váº­y vá»™i há»i
- Máº¯t máº¹ sao váº­y?
BÃ  gÆ°á»£ng cÆ°á»i
- á»œ. . . á»œ háº¡t bá»¥i nÃ³ bay vÃ o máº¯t thÃ´i mÃ 
Con dÃ¢u cáº¯t ngang
- Em Ä‘Ã£ báº£o anh vá» sá»›m Ä‘á»ƒ cÃ²n Ä‘i cÃ´ng viá»‡c, giá» má»›i vÃ¡t xÃ¡c vá». NhÃ  bao viá»‡c mÃ  anh lÃºc nÃ o cÅ©ng thÃ´ng tháº£. ThÃ´i ngá»“i vÃ o Äƒn nhanh mÃ  Ä‘i káº»o ngÆ°á»i ta Ä‘á»£i
Háº¯n vá»™i tráº£ lá»i
- Em lÃ m nhÆ° anh á»Ÿ khÃ´ng Ã . á» cÆ¡ quan cÅ©ng bao viá»‡c chá»© ráº£nh rá»—i gÃ¬ Ä‘Ã¢u
*******
Äang lÃ m viá»‡c vá»›i Ä‘á»‘i tÃ¡c thÃ¬ vá»£ háº¯n gá»i
- Alo. Chiá»u anh ghÃ© trÆ°á»ng Ä‘Ã³n con rá»“i chá»Ÿ con Ä‘i Äƒn luÃ´n nhÃ©. CÆ¡ quan em cÃ³ Ä‘oÃ n thanh tra Ä‘áº¿n nÃªn em pháº£i tiáº¿p khÃ¡ch vá» hÆ¡i trá»…
Tháº±ng TÃ½ vui má»«ng vÃ¬ HÃ´m nay Ä‘Æ°á»£c ba Ä‘Ã³n, nÃ³ lÃ­u lo. Háº¯n soa Ä‘áº§u tháº±ng con trai cÆ°ng cá»§a mÃ¬nh
- HÃ´m nay con trai cÆ°ng cá»§a ba Äƒn gÃ¬ Ä‘á»ƒ ba mua vá» ba con mÃ¬nh Äƒn vá»›i ná»™i cho vui
Tháº±ng TÃ½ ngÆ°á»›c nhÃ¬n ba há»i
- á»¦a. . . Máº¹ Ä‘Ã¢u háº£ ba?
Háº¯n hÃ´n chá»¥t vÃ o mÃ¡ con trai tráº£ lá»i
- HÃ´m nay máº¹ báº­n cÃ´ng viá»‡c cÆ¡ quan vá» hÆ¡i trá»…, cha con mÃ¬nh tá»± Äƒn
TÃ½ má»«ng rá»¡ thá»‘t lÃªn
- á»’ de. HÃ´m nay khÃ´ng cÃ³ máº¹ á»Ÿ nhÃ  ba pháº£i mua tháº­t nhiá»u Ä‘á»“ Äƒn vá» cho ná»™i Äƒn nhÃ©. Ba Ä‘á»«ng cho máº¹ biáº¿t nha. Con thÆ°Æ¡ng ná»™i láº¯m
Háº¯n ngáº¡c nhiÃªn
- Táº¡i sao pháº£i dáº¥u máº¹?
TÃ½ há»“n nhiÃªn tráº£ lá»i
- Bá»Ÿi vÃ¬ máº¹ nÃ³i ná»™i giÃ  rá»“i Äƒn nhiá»u thá»©c Äƒn khÃ´ng tá»‘t. Má»—i bá»¯a Äƒn nÃªn Äƒn ná»­a chÃ©n cÆ¡m lÃ  Ä‘á»§ rá»“i
Háº¯n nghe nhÆ° sÃ©t Ä‘Ã¡nh ngang tai. Ruá»™t gan nhÆ° cÃ³ ai Ä‘ang xÃ¡t muá»‘i, Da thá»‹t nhÆ° cÃ³ ngÃ n con kiáº¿n chÃ­ch. Háº¯n chá»Ÿ vá»™i con trai Ä‘i mua thá»©c Äƒn rá»“i há»‘i háº£ cháº¡y vá» nhÃ  mong gáº·p máº¹. Bao nhiÃªu hÃ¬nh áº£nh tuá»•i thÆ¡ cá»§a háº¯n vÃ  máº¹ nhÆ° cuá»‘n phim quay cháº­m hiá»‡n vá» trong tÃ¢m trÃ­ háº¯n. Háº¯n tá»©c giáº­n chen láº«n xÃ³t xa, háº¯n há»‘i háº­n vÃ¬ thá»i gian qua háº¯n lao vÃ o cÃ´ng viá»‡c mÃ  khÃ´ng quan tÃ¢m Ä‘áº¿n máº¹. LÃºc nÃ y Ä‘Ã¢y, háº¯n mong muá»‘n cÃ³ Ä‘Ã´i cÃ¡nh Ä‘á»ƒ bay tháº­t nhanh vá» bÃªn máº¹, Ä‘á»ƒ chui vÃ o lÃ²ng máº¹ nhÆ° thuá»Ÿ áº¥u thÆ¡, Ä‘á»ƒ xin máº¹ tha thá»© cho sá»± thá» Æ¡ cá»§a Ä‘á»©a con mÃ  máº¹ khá»• cá»±c nÃ¢ng niu nuÃ´i dáº¡y háº¯n trÆ°á»Ÿng thÃ nh nhÆ° HÃ´m nay. Máº¯t háº¯n cay xÃ¨
Má»Ÿ cá»­a lao vá»™i vÃ o nhÃ . Háº¯n Ä‘á»©ng cháº¿t láº·ng nhÃ¬n tháº¥y máº¹ vá»‹n quanh thÃ nh báº¿p lÃ² mÃ² bÆ°á»›c tá»«ng nhá»¯ng bÆ°á»›c cháº­m cháº¡p, háº¯n lao Ä‘áº¿n Ã´m hai bá» vai cá»§a máº¹ lo láº¯ng há»i
- Máº¹. . .Máº¹ sao váº­y?
BÃ  giáº­t mÃ¬nh cÆ°á»i cÆ°á»i nÃ³i
-Ã€. . .Ã€ Ä‘Ã´i máº¯t cá»§a máº¹ máº¥y hÃ´m nay nÃ³ lá» má» khÃ´ng nhÃ¬n rÃµ cho láº¯m. Cháº¯c tuá»•i giÃ  nÃ³ váº­y nÃªn con Ä‘á»«ng cÃ³ mÃ  lo láº¯ng. . .
NÃ³ ngháº¹n ngÃ o
-Sao máº¹ khÃ´ng nÃ³i con chá»Ÿ Ä‘i khÃ¡m
BÃ  cÆ°á»i hiá»n nÃ³i
-Ta tháº¥y bay lu bu cÃ´ng viá»‡c, nÃ³i ra sá»£ bay lo láº¯ng mÃ  áº£nh hÆ°á»Ÿng Ä‘áº¿n cÃ´ng viá»‡c
Háº¯n ngháº¹n Ä‘áº¯ng nÆ¡i cá»• há»ng, nÆ°á»›c máº¯t trÃ o ra, háº¯n ná»©c ná»Ÿ
-Con xin lá»—i máº¹. . .Máº¹ tha thá»© tá»™i báº¥t hiáº¿u cho con. . .Con cÃµng máº¹ Ä‘i bá»‡nh viá»‡n máº¹ nhÃ©. . .
Háº¯n bá»“ng Máº¹ lÃªn cháº¡y bay ra sÃ¢n
*********
BÃ¡c sÄ© nÃ³i
- ÄÃ´i máº¯t máº¹ anh bá»‹ Ä‘á»¥c thá»§y tinh thá»ƒ. Táº¡i sao pháº£i Ä‘á»ƒ lÃ¢u nhÆ° váº­y. NgÃ y mai anh chá»Ÿ cá»¥ Ä‘áº¿n lÃ m thá»§ tá»¥c nháº­p viá»‡n Ä‘á»ƒ chÃºng tÃ´i tiáº¿n hÃ nh thay thá»§y tinh thá»ƒ gáº¥p cho cá»¥ may ra cÃ²n cá»©u ká»‹p. NhÆ°ng Ä‘á»™ sÃ¡ng khÃ´ng Ä‘Æ°á»£c trÄƒm pháº§n trÄƒm. Chá»‰ sÃ¡u mÆ°Æ¡i lÃ  may máº¯n láº¯m rá»“i
NhÃ¬n máº¹ mÃ² máº«n bÆ°á»›c tá»«ng bÆ°á»›c, nÃ©t máº·t bÃ  ngáº©n ngÆ¡ mÃ  háº¯n cháº¿t láº·ng, háº¯n há»‘i háº­n Ä‘au Ä‘á»›n. DÃ¬u máº¹ tá»«ng bÆ°á»›c mÃ  lÃ²ng Ä‘au nhÆ° cáº¯t. Háº¯n khÃ³c nhÆ° má»™t Ä‘á»©a tráº», tháº±ng TÃ½ cÅ©ng khÃ³c to
**********
Háº¯n thá»©c cáº£ Ä‘Ãªm chá»‰ Ä‘á»ƒ viáº¿t má»™t lÃ¡ thÆ°. Xong, háº¯n Ã´m cÃ¢y Ä‘Ã n lÃªn sÃ¢n thÆ°á»£ng ngá»“i Ä‘áº¿n sÃ¡ng
Vá»£ háº¯n thá»©c dáº­y nhÃ¬n quanh khÃ´ng tháº¥y chá»“ng Ä‘Ã¢u cÃ m rÃ m
- Má»›i sÃ¡ng sá»›m mÃ  Ä‘i Ä‘Ã¢u khÃ´ng biáº¿t. CÃ³ cÃ´ng chuyá»‡n cÅ©ng pháº£i nÃ³i cho ngÆ°á»i ta biáº¿t chá»«ng chá»©
Vá»£ háº¯n Ä‘i Ä‘áº¿n bÃ n trang Ä‘iá»ƒm thÃ¬ tháº¥y má»™t lÃ¡ thÆ° vÃ  má»™t cÃ¡i USB. NÃ ng tÃ² mÃ² cáº§m lÃ¡ thÆ° lÃªn vÃ  má»Ÿ xem thÃ¬ tháº¥y nÃ©t chá»¯ cá»§a chá»“ng. NÃ ng cÆ°á»i kháº©y
- Gá»›m. Thá»i buá»•i bÃ¢y giá» cÃ²n thÆ° vá»›i tá»«, cáº§n gÃ¬ thÃ¬ nháº¯n tin lÃ  xong, cáº§n pháº£i máº¥t thá»i gian nhÆ° tháº¿ nÃ y khÃ´ng. Hay lÃ  muá»‘n hÃ¢m nÃ³ng tÃ¬nh cáº£m chÄƒng?
NhÆ°ng vá»›i báº£n tÃ­nh tÃ² mÃ² cá»§a ngÆ°á»i phá»¥ ná»¯. NÃ ng má»Ÿ ra Ä‘á»c
\ Vá»£ yÃªu Tá»« ngÃ y mÃ¬nh yÃªu nhau rá»“i nÃªn duyÃªn chá»“ng vá»£. Anh ráº¥t mÃ£n nguyá»‡n, anh ráº¥t tá»± tin khoe vá»›i báº¡n bÃ¨ vÃ  Ä‘á»“ng nghiá»‡p vá» vá»£ yÃªu cá»§a mÃ¬nh, anh vui láº¯m, anh háº¡nh phÃºc láº¯m. Háº¡nh phÃºc hÆ¡n ná»¯a lÃ  em sinh cho anh má»™t Ä‘á»©a con trai khÃ¡u khá»‰nh thÃ´ng minh. Anh tháº§m cáº£m Æ¡n Ã´ng trá»i Ä‘Ã£ bang táº·ng em cho anh. Cáº£m Æ¡n em Ä‘Ã£ Ä‘em Ä‘áº¿n cho anh niá»m háº¡nh phÃºc mÃ  nhiá»u ngÆ°á»i mÆ¡ Æ°á»›c. . .\"""|||
"Äá»c Ä‘áº¿n Ä‘Ã¢y vá»£ háº¯n cÆ°á»i má»‰m Ä‘áº§y sung sÆ°á»›ng \"" ai nÃ³i chá»“ng tÃ´i khÃ´ng biáº¿t ná»‹nh Ä‘áº§m nÃ y\"" nÃ ng cÆ°á»i thÃ nh tiáº¿ng vÃ  Ä‘á»c tiáº¿p"|||||||
"\"". . . VÃ¬ tháº¿. Anh nguyá»‡n vá»›i lÃ²ng sáº½ khÃ´ng Ä‘á»ƒ cho em vÃ  con cá»±c khá»• thiáº¿u thá»‘n nhÆ° tuá»•i thÆ¡ cá»§a anh vÃ  máº¹ anh. NÃªn anh khÃ´ng quáº£n khÃ³ nhá»c ngÃ y Ä‘Ãªm lao Ä‘áº§u vÃ o cÃ´ng viá»‡c. Äáº¿n nay thÃ¬ nhÃ¬n lÃªn vá»£ chá»“ng mÃ¬nh khÃ´ng báº±ng ai, nhÆ°ng nhÃ¬n xuá»‘ng thÃ¬ nhiá»u ngÆ°á»i mÆ¡ Æ°á»›c"|||||||
"Äá»ƒ anh ká»ƒ cho vá»£ yÃªu nghe. Thá»i thÆ¡ áº¥u cá»§a anh ráº¥t cÆ¡ cá»±c. Anh sinh ra thÃ¬ Ä‘Ã£ khÃ´ng tháº¥y máº·t bá»‘. Máº¹ anh táº§ng táº£o nuÃ´i anh, máº¹ khÃ´ng ngáº¡i náº¯ng mÆ°a, má»“ hÃ´i nÆ°á»›c máº¯t chang vá»›i cÆ¡m. NhÆ°ng máº¹ luÃ´n má»‰m cÆ°á»i khi nhÃ¬n tháº¥y anh khÃ´n lá»›n má»—i ngÃ y. Anh cÃ²n nhá»› nhÆ° in khÃ´ng thá»ƒ nÃ o quÃªn, nÄƒm Ä‘Ã³ anh lÃªn 8 máº¹ Ä‘i lÃ m thuÃª cho ngÆ°á»i ta tá»‘i má»‹t má»›i vá», vá»«a bÆ°á»›c vÃ o nhÃ  , máº¹ liá»n mÃ³c trong tÃºi Ã¡o ra Ä‘Æ°a cho anh miáº¿ng thá»‹t gÃ  gÃ³i trong miáº¿ng lÃ¡ chuá»‘i, máº¹ nÃ³i anh Äƒn Ä‘i cho khá»e, anh nÃ³i máº¹ cÃ¹ng Äƒn vá»›i anh. Máº¹ xoa bá»¥ng nÃ³i \"" Máº¹ no quÃ¡, Ä‘i lÃ m thuÃª cho ngÆ°á»i ta, há» cho máº¹ Äƒn nhiá»u láº¯m rá»“i, Ä‘Ã¢y lÃ  pháº§n cá»§a con, con Äƒn Ä‘i\"". Tháº¿ lÃ  anh Äƒn ngáº¥u nghiáº¿n cÃ²n láº¡i xÆ°Æ¡ng khÃ´ng lÃ  xÆ°Æ¡ng. Má»™t lÃ¡c sau anh ra sau hÃ¨ nhÃ¬n tháº¥y máº¹ gáº·m tá»«ng miáº¿ng xÆ°Æ¡ng mÃ  anh vá»«a bá» ra lÃºc nÃ£y. Anh Ä‘á»©ng cháº¿t láº·ng nhÃ¬n máº¹. Máº¹ tháº¥y anh cÆ°á»i giáº£ láº£ \"" Æ . . .Máº¹ tháº¥y cÃ²n tÃ­ thá»‹t nÃªn Äƒn chá»© bá» uá»•ng quÃ¡, chá»© máº¹ no láº¯m rá»“i. KhÃ´ng tin Ä‘áº¿n rá» bá»¥ng máº¹ mÃ  coi\"" nÃ³i xong máº¹ Ä‘á»©ng lÃªn xoa bá»¥ng cÆ°á»i cÆ°á»i nÃ³i \"" Ã´i no quÃ¡\"" Máº¹ anh dáº¡i quÃ¡ pháº£i khÃ´ng em, giÃ¡ nhÆ° lÃºc Ä‘Ã³ máº¹ vá»©t anh qua má»™t bÃªn mÃ  Ä‘i thÃªm bÆ°á»›c ná»¯a thÃ¬ máº¹ Ä‘Ã¢u pháº£i chá»‹u khá»• chá»‹u cá»±c nhÆ° váº­y. Hay trá»i sinh ra ngÆ°á»i máº¹ lÃ  tháº¿ Ä‘áº¥y háº£ em?\""\"""|||||||
Äá»c tá»›i Ä‘Ã¢y, máº¯t vá»£ háº¯n nhÃ²e Ä‘i, nÆ°á»›c máº¯t cá»§a vá»£ háº¯n rÆ¡i xuá»‘ng lÃ m Æ°á»›t má»™t gÃ³c cá»§a lÃ¡ thÆ°. NÃ ng Ä‘á»c tiáº¿p|||||||
"\"". . .Máº¹ anh hy sinh cho anh nhiá»u láº¯m. Ká»ƒ khÃ´ng háº¿t Ä‘Ã¢u. Náº¿u ká»ƒ ra háº¿t thÃ¬ cáº£ má»™t trÄƒm cuá»‘n vá»Ÿ hai trÄƒm trang há»a may má»›i Ä‘á»§. Anh chá»‰ ká»ƒ cho em chuyá»‡n nÃ y ná»¯a thÃ´i nhÃ©. LÃºc anh lÃªn mÆ°á»i, anh bá»‹ má»™t cÆ¡n báº¡o bá»‡nh tÆ°á»Ÿng Ä‘Ã¢u khÃ´ng qua khá»i. Máº¹ anh thÃ¬ khÃ´ng cÃ³ má»™t Ä‘á»“ng dÃ­nh tÃºi, bÃ  cháº¡y tá»« Ä‘áº§u lÃ ng Ä‘áº¿n cuá»‘i thÃ´n vay mÆ°á»£n, nhÆ°ng khÃ´ng ai cho mÆ°á»£n. Há» khÃ´ng cho mÆ°á»£n lÃ  pháº£i. Bá»Ÿi vÃ¬ nhÃ  anh quÃ¡ nghÃ¨o, cho mÆ°á»£n láº¥y gÃ¬ mÃ  tráº£. Máº¹ anh vá»«a cÃµng anh vá»«a khÃ³c cháº¡y vÃ o bá»‡nh viá»‡n. ChÃ¢n khÃ´ng mang dÃ©p bá»‹ gai Ä‘Ã¢m cháº£y mÃ¡u mÃ  máº¹ khÃ´ng tháº¥y Ä‘au. Äáº¿n bá»‡nh viá»‡n máº¹ anh liá»n cháº¡y tÃ¬m chá»• bÃ¡n mÃ¡u rá»“i ná»™p viá»‡n phÃ­ chá»¯a cháº¡y cho anh. Khi anh khá»e láº¡i, nhÃ¬n tháº¥y máº¹ xanh xao vÃ¬ thiáº¿u mÃ¡u, quáº§n Ã¡o thÃ¬ xá»c sá»‡ch, chÃ¢n thÃ¬ rÃ¡ch tÃ¹m lum vÃ¬ gai Ä‘Ã¢m, nhÆ°ng máº¹ váº«n cÆ°á»i tÆ°Æ¡i khi nhÃ¬n tháº¥y anh khá»e láº¡i. BÃ  má»«ng quÃ¡ khÃ³c to. Rá»“i anh khÃ´n lá»›n trÆ°á»Ÿng thÃ nh trong vÃ²ng tay máº¹, Ä‘á»ƒ Ä‘áº¿n khi chÃºng mÃ¬nh gáº·p nhau rá»“i cÆ°á»›i nhau. . . Anh cá»© ngá»¡ cuá»™c Ä‘á»i anh Ä‘Ã£ bÆ°á»›c sang má»™t trang má»›i khi gáº·p em. MÃ  tháº­t, anh Ä‘Ã£ bÆ°á»›c sang má»™t trang má»›i. NhÆ°ng máº¹ anh thÃ¬ khÃ´ng, bÃ  váº«n sá»‘ng trong sá»± thiáº¿u thá»‘n, khÃ´ng Ä‘Æ°á»£c Äƒn no, Äƒn nhá»¯ng mÃ³n mÃ  bÃ  thÃ­ch. Anh Ä‘Ãºng lÃ  Ä‘á»©a con báº¥t hiáº¿u, anh lÃ  má»™t tháº±ng Ä‘Ã n Ã´ng khÃ´ng ra gÃ¬. Tháº±ng TÃ½ con chÃºng mÃ¬nh tuy cÃ²n nhá», nhÆ°ng nÃ³ biáº¿t vÃ  tháº¥y háº¿t, nÃªn anh tá»« nay vá» sau, pháº£i chÄƒm sÃ³c máº¹ chu Ä‘Ã¡o, náº¿u khÃ´ng nÃ³ sáº½ há»c tÃ­nh anh Ä‘áº¥y em áº¡ HÃ´m qua Ä‘Ã³n tháº±ng TÃ½ vá», anh phÃ¡t hiá»‡n ra máº¹ bá»‹ máº¯t má» vÃ  chá»Ÿ máº¹ Ä‘i khÃ¡m, bÃ¡c sá»¹ nÃ³i máº¹ bá»‹ Ä‘á»¥c thá»§y tinh thá»ƒ mÃ  Ä‘á»ƒ quÃ¡ lÃ¢u, nÃªn sÃ¡ng nay anh chá»Ÿ máº¹ vÃ o viá»‡n Ä‘á»ƒ nháº­p viá»‡n thay cÆ°á»m mÃ  khÃ´ng ká»‹p bÃ¡o cho em biáº¿t.cáº§u Trá»i Pháº­t cho má»i Ä‘á»u tá»‘t Ä‘áº¹p Ä‘áº¿n vá»›i máº¹. Äá»«ng Ä‘á»ƒ máº¹ cá»§a anh khá»• ná»¯a Ah. Khi HÃ´m buá»“n quÃ¡, nÃªn anh cáº§m cÃ¢y Ä‘Ã n lÃªn sÃ¢n thÆ°á»ng ngá»“i hÃ¡t bÃ i vá» máº¹ Ä‘á»ƒ táº·ng máº¹ khi xuáº¥t viá»‡n anh cÃ³ quay vÃ  copy vÃ o USB em nghe thá»­ cÃ³ Ok khÃ´ng nhÃ©\"""|||||||
Vá»£ nÃ³ khÃ³c ngáº¥t, khÃ³c cho sá»± há»‘i háº­n cá»§a mÃ¬nh.tiá»‡n tay nÃ ng Ä‘Ãºt cÃ¡i USB vÃ o mÃ¡y tÃ­nh. Giá»ng háº¯n vang lÃªn. Pháº£i cÃ´ng nháº­n, trá»i phÃº cho nÃ³ má»™t giá»ng ca quÃ¡ tuyá»‡t vá»i. Háº¯n vá»«a hÃ¡t vá»«a rÆ°ng rÆ°ng Ä‘áº§y xÃºc cáº£m|||||||
Cho con gÃ¡nh máº¹ má»™t láº§n Cáº£ Ä‘á»i máº¹ Ä‘Ã£ táº£o táº§n gÃ¡nh con Cho con gÃ¡nh máº¹ Ä‘áº§u non Cáº£ lÃ²ng máº¹ Ä‘Ã£ gÃ¡nh con biá»ƒn trá»i NgÃ y xÆ°a máº¹ gÃ¡nh Ã  Æ¡i Con xin gÃ¡nh láº¡i nhá»¯ng lá»i máº¹ ru ÄÆ°á»ng Ä‘á»i sÆ°Æ¡ng giÃ³ má»‹t mÃ¹ VÃ¬ con háº¡nh phÃºc cháº³ng tá»« gian lao Äá»ƒ con gÃ¡nh máº¹ Ä‘á»«ng can Sá»£ khi máº¹ máº¥t muá»™n mÃ ng gÃ¡nh ai Cho con gÃ¡nh cáº£ thÃ¡ng dÃ i GÃ¡nh qua nÄƒm rÃ²ng nhá»¯ng ngÃ y Ä‘áº¯ng cay|||||||
Cho con gÃ¡nh cáº£ Ä‘Ã´i vai ThÃ¢n cÃ² láº·n lá»™i sá»›m mai vai gáº§y Máº¹ giÃ  lÃ¡ sáº¯p xa cÃ¢y Lá»¡ Ä‘Ã¢u lÃ¡ rá»¥ng tá»™i nÃ y gÃ¡nh sao Máº¹ Æ¡i sÃ³ng biá»ƒn dáº¡t dÃ o Con sao gÃ¡nh háº¿t cÃ´ng lao má»™t Ä‘á»i BÃ´ng há»“ng cÃ i Ã¡o Ä‘Ãºng nÆ¡i ÄÃ¢u báº±ng bÃ´ng hiáº¿u giá»¯a trá»i bao la Cho con gÃ¡nh láº¡i máº¹ giÃ  Äá»ƒ sau ngÆ°á»i gÃ¡nh chÃ­nh lÃ  con. con|||||||
Máº·t khÃ´ng trang Ä‘iá»ƒm, máº·c nguyÃªn bá»™ Ä‘á»“ ngá»§. NÃ ng dáº¯t tháº±ng TÃ½ cháº¡y Ã o ra Ä‘Æ°á»ng Ä‘Ã³n táº¯c xi Ä‘i tháº³ng Ä‘áº¿n bá»‡nh viá»‡n. VÃ o tá»›i bá»‡nh viá»‡n. NhÃ¬n tháº¥y chá»“ng Ä‘i tá»›i Ä‘i lui trÆ°á»›c phÃ²ng má»• vá»›i khun máº·t lo láº¯ng. NÃ ng cháº¡y Ã o Ä‘áº¿n bÃªn chá»“ng ná»©c ná»Ÿ|||||||
- Em xin lá»—i anh, xin lá»—i máº¹, em há»‘i háº­n láº¯m rá»“i. Tá»« rÃ y vá» sau em sáº½ cÃ¹ng anh gÃ¡nh máº¹ anh nhÃ©|||||||
Háº¯n Ã´m ghÃ¬ vá»£ vÃ o lÃ²ng ná»Ÿ ná»¥ cÆ°á»i vÃ  Ã¢u yáº¿m nÃ³i|||||||
-NhÆ° tháº¿ má»›i lÃ  vá»£ yÃªu cá»§a anh chá»©. . .|||||||
Tháº±ng TÃ½ chen vÃ o|||||||
- Váº­y tá»« rÃ y vá» sau ná»™i cÃ³ Ä‘Æ°á»£c Äƒn gÃ  khÃ´ng háº£ máº¹?|||||||
NÃ ng cÃºi máº·t tháº¹n thÃ¹ng pha láº«n xáº¥u há»•|||||||
