author_id|post_id|reply_id|comment_id|article_type|clean_content|category|prob|published_time|id
100017913525103|641700736437038|nan|nan|fb_user_post|duy_nhất một ô đất đẹp giá rẻ liên_béo bán nốt numbertoken triệu miễn trả_giá kể_cả đầu_tư hay tiêu_dùng tại hà lầm khu đập nc lh |Nhân vật chính trị|0.6984977126121521|2020/07/03 12:38:04|4.722679702346639e+18
100017913525103|641700736437038|nan|nan|fb_user_post|duy_nhất một ô đất đẹp giá rẻ liên_béo bán nốt numbertoken triệu miễn trả_giá kể_cả đầu_tư hay tiêu_dùng tại hà lầm khu đập nc lh |Tổ chức nhà nước|0.1554034799337387|2020/07/03 12:38:04|4.722679702346639e+18
100045889684267|173792914160364|nan|nan|fb_user_post|kẹo_cao_su hả niềm đam_mê nhỏ_bé bất_tận của em|Tổ chức nhà nước|0.30444759130477905|2020/07/03 18:54:48|1.5355655571885445e+18
100045889684267|173792914160364|nan|nan|fb_user_post|kẹo_cao_su hả niềm đam_mê nhỏ_bé bất_tận của em|Nhân vật chính trị|0.2731110751628876|2020/07/03 18:54:48|1.5355655571885445e+18
100045889684267|173792914160364|nan|nan|fb_user_post|kẹo_cao_su hả niềm đam_mê nhỏ_bé bất_tận của em|Tư tưởng tiêu cực - chống phá nhà nước|0.15622086822986603|2020/07/03 18:54:48|1.5355655571885445e+18
107684524180500|153486506266968|nan|nan|fb_page_post|adidas eqt bask adv đen hàng sẵn số_lượng lớn nhé anh_chị_em full size nam numbertoken numbertoken phân_loại hàng sf giá chỉ ship code trên toàn_quốc qua viettel post được kiểm_tra trước khi thanh_toán hỗ_trợ đổi size trong numbertoken tiếng sau khi nhận hàng nhanh tay chọn cho mình một đôi giày phù_hợp nào shop giày online numbertoken thái bảo nam sơn tp bắc ninh có zalo shop giày online numbertoken luôn đảm_bảo chất_lượng và cam_kết giá tốt nhất đến với mỗi khách_hàng nhận ship cod trên toàn_quốc nhận sỉ sll từ numbertoken sản_phẩm shop giày onlne numbertoken liên_tục cập_nhật mẫu_mã giá_cả và các chương_trình trên fb lò văn đông đông ninh fanpage shop sỉ online numbertoken và account zalo shop giày online numbertoken chúng_tôi liên_tục tuyển ctv và đại_lý bán hàng trên toàn_quốc shop giày online numbertoken luôn đồng_hành trên con đường thành_công của bạn|Tổ chức nhà nước|0.5061447024345398|2020/07/03 21:50:47|8.057319916996077e+18
107684524180500|153486506266968|nan|nan|fb_page_post|adidas eqt bask adv đen hàng sẵn số_lượng lớn nhé anh_chị_em full size nam numbertoken numbertoken phân_loại hàng sf giá chỉ ship code trên toàn_quốc qua viettel post được kiểm_tra trước khi thanh_toán hỗ_trợ đổi size trong numbertoken tiếng sau khi nhận hàng nhanh tay chọn cho mình một đôi giày phù_hợp nào shop giày online numbertoken thái bảo nam sơn tp bắc ninh có zalo shop giày online numbertoken luôn đảm_bảo chất_lượng và cam_kết giá tốt nhất đến với mỗi khách_hàng nhận ship cod trên toàn_quốc nhận sỉ sll từ numbertoken sản_phẩm shop giày onlne numbertoken liên_tục cập_nhật mẫu_mã giá_cả và các chương_trình trên fb lò văn đông đông ninh fanpage shop sỉ online numbertoken và account zalo shop giày online numbertoken chúng_tôi liên_tục tuyển ctv và đại_lý bán hàng trên toàn_quốc shop giày online numbertoken luôn đồng_hành trên con đường thành_công của bạn|Nhân vật chính trị|0.2516326308250427|2020/07/03 21:50:47|8.057319916996077e+18
100004404698241|1677513382405469|nan|nan|fb_user_post|bộ đũi chun eo vải đũi xước quảng_châu mềm mát_tay bồng chun eo y mẫu bán shop ok|Tổ chức nhà nước|0.9364417791366577|2020/07/03 08:00:06|8.23474237994294e+18
100023784007652|1625761130917058|nan|nan|fb_group_post|cần bán gấp căn_hộ jamila khang điền nhà mới chưa ở đã có sổ giá numbertoken numbertoken tỷ bao thuế_phí đã đóng phí quản_lí numbertoken tháng do chủ cần bán gấp nên giá rẻ nhất khu_vực r lh như để hỗ_trợ xem nhà|Nhân vật chính trị|0.6513321995735168|2020/07/03 23:05:04|3.107363186837409e+18
100023784007652|1625761130917058|nan|nan|fb_group_post|cần bán gấp căn_hộ jamila khang điền nhà mới chưa ở đã có sổ giá numbertoken numbertoken tỷ bao thuế_phí đã đóng phí quản_lí numbertoken tháng do chủ cần bán gấp nên giá rẻ nhất khu_vực r lh như để hỗ_trợ xem nhà|Tổ chức nhà nước|0.19565452635288239|2020/07/03 23:05:04|3.107363186837409e+18
100000846194575|3491600740858674|nan|3491600740858674_3491604777524937|fb_user_comment|nhưng now thì numbertoken triệu đăng_kí mới goviet phải máy_in bill đủ mới dc đăng_kí|Tổ chức nhà nước|0.3912455141544342|2020/07/03 20:57:27|5.213378648175012e+18
100000846194575|3491600740858674|nan|3491600740858674_3491604777524937|fb_user_comment|nhưng now thì numbertoken triệu đăng_kí mới goviet phải máy_in bill đủ mới dc đăng_kí|Nhân vật chính trị|0.24330434203147888|2020/07/03 20:57:27|5.213378648175012e+18
100000846194575|3491600740858674|nan|3491600740858674_3491604777524937|fb_user_comment|nhưng now thì numbertoken triệu đăng_kí mới goviet phải máy_in bill đủ mới dc đăng_kí|Tư tưởng tiêu cực - chống phá nhà nước|0.11944352835416794|2020/07/03 20:57:27|5.213378648175012e+18
100028470010806|411127449846252|nan|nan|fb_user_post|nè mấy em có giỏi thì vô_đây cắt cái quần của sp nữa đi nha_nha_nha|Tổ chức nhà nước|0.30447518825531006|2020/07/03 17:06:24|1.352101242882786e+18
100028470010806|411127449846252|nan|nan|fb_user_post|nè mấy em có giỏi thì vô_đây cắt cái quần của sp nữa đi nha_nha_nha|Nhân vật chính trị|0.27313581109046936|2020/07/03 17:06:24|1.352101242882786e+18
100028470010806|411127449846252|nan|nan|fb_user_post|nè mấy em có giỏi thì vô_đây cắt cái quần của sp nữa đi nha_nha_nha|Tư tưởng tiêu cực - chống phá nhà nước|0.15623502433300018|2020/07/03 17:06:24|1.352101242882786e+18
100024916729857|718787542295130|nan|nan|fb_user_post|tùngg liênn bát mì huyền_thoại con_trai thời nay đảm_đang hơn nhiều|Tổ chức nhà nước|0.3005950152873993|2020/07/03 16:33:08|5.008854231925109e+18
100024916729857|718787542295130|nan|nan|fb_user_post|tùngg liênn bát mì huyền_thoại con_trai thời nay đảm_đang hơn nhiều|Nhân vật chính trị|0.2696550488471985|2020/07/03 16:33:08|5.008854231925109e+18
100024916729857|718787542295130|nan|nan|fb_user_post|tùngg liênn bát mì huyền_thoại con_trai thời nay đảm_đang hơn nhiều|Tư tưởng tiêu cực - chống phá nhà nước|0.16689826548099518|2020/07/03 16:33:08|5.008854231925109e+18
100010265618044|1163690283983148|nan|nan|fb_user_post|khách nao gửi hô sơ phía vn gửi xong nhớ báo e numbertoken tiếng nhe khách nhiều k nhớ lltp va bảo_hiểm_cha me tuần sau lai gửi sang|Nhân vật chính trị|0.4931110441684723|2020/07/03 20:08:44|7.308209747972262e+18
100010265618044|1163690283983148|nan|nan|fb_user_post|khách nao gửi hô sơ phía vn gửi xong nhớ báo e numbertoken tiếng nhe khách nhiều k nhớ lltp va bảo_hiểm_cha me tuần sau lai gửi sang|Tổ chức nhà nước|0.26055893301963806|2020/07/03 20:08:44|7.308209747972262e+18
100052391960711|583843332551549|nan|583843332551549_584193745849841|fb_group_comment|trông ảnh đẹp như này thì dù có chung_thân numbertoken kiếp tôi cũng chịu|Tổ chức nhà nước|0.414196640253067|2020/07/03 07:09:30|8.850491519567564e+17
100052391960711|583843332551549|nan|583843332551549_584193745849841|fb_group_comment|trông ảnh đẹp như này thì dù có chung_thân numbertoken kiếp tôi cũng chịu|Nhân vật chính trị|0.23293882608413696|2020/07/03 07:09:30|8.850491519567564e+17
100052391960711|583843332551549|nan|583843332551549_584193745849841|fb_group_comment|trông ảnh đẹp như này thì dù có chung_thân numbertoken kiếp tôi cũng chịu|Tư tưởng tiêu cực - chống phá nhà nước|0.11695563793182373|2020/07/03 07:09:30|8.850491519567564e+17
100049147391068|156785129303066|nan|nan|fb_user_post|tởm lúc yêu thì ngọt_ngào cưới về thì như thú hoang nguồn|Tổ chức nhà nước|0.29982316493988037|2020/07/03 19:45:53|5.2661832547886e+17
100049147391068|156785129303066|nan|nan|fb_user_post|tởm lúc yêu thì ngọt_ngào cưới về thì như thú hoang nguồn|Nhân vật chính trị|0.26896265149116516|2020/07/03 19:45:53|5.2661832547886e+17
100049147391068|156785129303066|nan|nan|fb_user_post|tởm lúc yêu thì ngọt_ngào cưới về thì như thú hoang nguồn|Tư tưởng tiêu cực - chống phá nhà nước|0.1664697229862213|2020/07/03 19:45:53|5.2661832547886e+17
100008669083750|2428424337456512|nan|nan|fb_user_post|cầu_mong những_ai nhìn thấy video này sẽ luôn gặp nhiều may_mắn cầu được ước thấy nam_mô a_di_đà phật |Tổ chức nhà nước|0.30059921741485596|2020/07/03 21:24:03|7.681741297916862e+18
100008669083750|2428424337456512|nan|nan|fb_user_post|cầu_mong những_ai nhìn thấy video này sẽ luôn gặp nhiều may_mắn cầu được ước thấy nam_mô a_di_đà phật |Nhân vật chính trị|0.26965880393981934|2020/07/03 21:24:03|7.681741297916862e+18
100008669083750|2428424337456512|nan|nan|fb_user_post|cầu_mong những_ai nhìn thấy video này sẽ luôn gặp nhiều may_mắn cầu được ước thấy nam_mô a_di_đà phật |Tư tưởng tiêu cực - chống phá nhà nước|0.1669006049633026|2020/07/03 21:24:03|7.681741297916862e+18
100024829087485|320416675786844|nan|320416675786844_320417252453453|fb_user_comment|nhận đăng_kí gói vip share đăng bài là có nhiều lượt chia_sẻ của mọi người và các dịch_vụ tăng like tăng comment bot tương_tác giúp bài b thêm tiếp_cận tới nhiều người hơn mọi ng ai cần ib e tv rõ và đăng_kí ạ xin chào chúc trân nguyễn một buổi trưa tốt_lành nhé|Đất đai|0.9753426313400269|2020/07/03 11:44:00|8.296264675871117e+18
100025619580695|651016975762283|nan|nan|fb_user_post|chuẩn xịn chuẩn thời_thượng gu hoa_cúc hót trend năm nay chưa ạ về hai màu túi điện_thoại cho các nàng|Tổ chức nhà nước|0.29984143376350403|2020/07/03 18:42:47|1.1819074624394127e+18
100025619580695|651016975762283|nan|nan|fb_user_post|chuẩn xịn chuẩn thời_thượng gu hoa_cúc hót trend năm nay chưa ạ về hai màu túi điện_thoại cho các nàng|Nhân vật chính trị|0.268979012966156|2020/07/03 18:42:47|1.1819074624394127e+18
100025619580695|651016975762283|nan|nan|fb_user_post|chuẩn xịn chuẩn thời_thượng gu hoa_cúc hót trend năm nay chưa ạ về hai màu túi điện_thoại cho các nàng|Tư tưởng tiêu cực - chống phá nhà nước|0.16647985577583313|2020/07/03 18:42:47|1.1819074624394127e+18
100010066362958|1234425026903031|nan|nan|fb_user_post|chỉ đàn_ông nông_cạn mới xếp vợ_con mình sau đàn_bà trong thiên_hạ|Tổ chức nhà nước|0.2961908280849457|2020/07/03 09:52:42|5.6446679082400166e+17
100010066362958|1234425026903031|nan|nan|fb_user_post|chỉ đàn_ông nông_cạn mới xếp vợ_con mình sau đàn_bà trong thiên_hạ|Nhân vật chính trị|0.2657041549682617|2020/07/03 09:52:42|5.6446679082400166e+17
100010066362958|1234425026903031|nan|nan|fb_user_post|chỉ đàn_ông nông_cạn mới xếp vợ_con mình sau đàn_bà trong thiên_hạ|Tư tưởng tiêu cực - chống phá nhà nước|0.1644529402256012|2020/07/03 09:52:42|5.6446679082400166e+17
100006749466953|2701574143410875|nan|nan|fb_user_post|gấp ạ cụ ông này bị lẫn ông bảo ông ở lưu phương kim sơn ông đi lạc lên tận trên cầu_vượt ninh bình có numbertoken chú đưa ông đến ngã numbertoken thông khánh_cư ai là người_nhà lên đưa ông về ạ mọi người chia_sẻ giúp để người_nhà lên đón ông hiện ông đang ở ngã numbertoken thông xã khánh cư quán gà rán đối_diện cây_xăng mới|Nhân vật chính trị|0.3553617298603058|2020/07/03 22:38:39|3.4668566050211354e+18
100006749466953|2701574143410875|nan|nan|fb_user_post|gấp ạ cụ ông này bị lẫn ông bảo ông ở lưu phương kim sơn ông đi lạc lên tận trên cầu_vượt ninh bình có numbertoken chú đưa ông đến ngã numbertoken thông khánh_cư ai là người_nhà lên đưa ông về ạ mọi người chia_sẻ giúp để người_nhà lên đón ông hiện ông đang ở ngã numbertoken thông xã khánh cư quán gà rán đối_diện cây_xăng mới|Tổ chức nhà nước|0.33093297481536865|2020/07/03 22:38:39|3.4668566050211354e+18
100006749466953|2701574143410875|nan|nan|fb_user_post|gấp ạ cụ ông này bị lẫn ông bảo ông ở lưu phương kim sơn ông đi lạc lên tận trên cầu_vượt ninh bình có numbertoken chú đưa ông đến ngã numbertoken thông khánh_cư ai là người_nhà lên đưa ông về ạ mọi người chia_sẻ giúp để người_nhà lên đón ông hiện ông đang ở ngã numbertoken thông xã khánh cư quán gà rán đối_diện cây_xăng mới|Tư tưởng tiêu cực - chống phá nhà nước|0.11060503870248795|2020/07/03 22:38:39|3.4668566050211354e+18
100005123257274|3591787980834743|nan|nan|fb_group_post|hàng mới về|Tổ chức nhà nước|0.30061593651771545|2020/07/03 21:56:23|1.6552168753451384e+18
100005123257274|3591787980834743|nan|nan|fb_group_post|hàng mới về|Nhân vật chính trị|0.26967379450798035|2020/07/03 21:56:23|1.6552168753451384e+18
100005123257274|3591787980834743|nan|nan|fb_group_post|hàng mới về|Tư tưởng tiêu cực - chống phá nhà nước|0.16690987348556519|2020/07/03 21:56:23|1.6552168753451384e+18
100009020258501|2529115840732400|nan|nan|fb_user_post|bán phụ_khoa phải chất thế này tạm dịch là bím khắm bím rộng bím thối bím hôi bím tanh bím loét bím có zoài bơi hết vào đây nhé|Tổ chức nhà nước|0.2970929741859436|2020/07/03 22:37:08|1.6480874292278016e+18
100009020258501|2529115840732400|nan|nan|fb_user_post|bán phụ_khoa phải chất thế này tạm dịch là bím khắm bím rộng bím thối bím hôi bím tanh bím loét bím có zoài bơi hết vào đây nhé|Nhân vật chính trị|0.266513466835022|2020/07/03 22:37:08|1.6480874292278016e+18
100009020258501|2529115840732400|nan|nan|fb_user_post|bán phụ_khoa phải chất thế này tạm dịch là bím khắm bím rộng bím thối bím hôi bím tanh bím loét bím có zoài bơi hết vào đây nhé|Tư tưởng tiêu cực - chống phá nhà nước|0.16495384275913239|2020/07/03 22:37:08|1.6480874292278016e+18
100008912231671|2287256964914689|nan|nan|fb_user_post|lừa_đảo chiếm_đoạt tài_sản chộm cấp quỵt tiền lừa bán khẩu_trang lừa làm giấy_tờ hồ_sơ nhận tiền xong mất_tích mua hàng ko trả tiền vây mượn ko trả nói_chung lừa_đảo dưới mọi hình_thức số tiền rất lớn vương_quốc công numbertoken thạch thất hn |Tổ chức nhà nước|0.3671327233314514|2020/07/03 16:09:46|5.941714520791322e+18
100008912231671|2287256964914689|nan|nan|fb_user_post|lừa_đảo chiếm_đoạt tài_sản chộm cấp quỵt tiền lừa bán khẩu_trang lừa làm giấy_tờ hồ_sơ nhận tiền xong mất_tích mua hàng ko trả tiền vây mượn ko trả nói_chung lừa_đảo dưới mọi hình_thức số tiền rất lớn vương_quốc công numbertoken thạch thất hn |Nhân vật chính trị|0.2283092886209488|2020/07/03 16:09:46|5.941714520791322e+18
100008912231671|2287256964914689|nan|nan|fb_user_post|lừa_đảo chiếm_đoạt tài_sản chộm cấp quỵt tiền lừa bán khẩu_trang lừa làm giấy_tờ hồ_sơ nhận tiền xong mất_tích mua hàng ko trả tiền vây mượn ko trả nói_chung lừa_đảo dưới mọi hình_thức số tiền rất lớn vương_quốc công numbertoken thạch thất hn |Tư tưởng tiêu cực - chống phá nhà nước|0.1288796365261078|2020/07/03 16:09:46|5.941714520791322e+18
100013364943679|974161793039310|nan|nan|fb_user_post|cotton đũi chăn ga gối cotton đũi là một sản_phẩm được đánh_giá cao và người dân việt nam tìm mua nhiều nhất vì mẫu_mã đẹp chất_lượng mềm mát phù_hợp thị_trường việt nam chất_liệu vải cao_cấp mềm mịn thoáng mát thấm hút mồ_hôi tốt độ co_giãn vừa_phải đặc_biệt hoàn_toàn không biến_dạng sau quá_trình giặt_giũ màu_sắc kẻ vô_cùng trẻ_trung hiện_đại sản_phẩm này quá tuyệt_vời về cả chất_lượng và giá_thành cotton numbertoken chứ không phải xoa đũi thông_thường khách nhé hàng không in nhuộm đảm_bảo sức_khỏe và môi_trường|Tổ chức nhà nước|0.40622156858444214|2020/07/03 17:21:03|1.1471440374022016e+18
100013364943679|974161793039310|nan|nan|fb_user_post|cotton đũi chăn ga gối cotton đũi là một sản_phẩm được đánh_giá cao và người dân việt nam tìm mua nhiều nhất vì mẫu_mã đẹp chất_lượng mềm mát phù_hợp thị_trường việt nam chất_liệu vải cao_cấp mềm mịn thoáng mát thấm hút mồ_hôi tốt độ co_giãn vừa_phải đặc_biệt hoàn_toàn không biến_dạng sau quá_trình giặt_giũ màu_sắc kẻ vô_cùng trẻ_trung hiện_đại sản_phẩm này quá tuyệt_vời về cả chất_lượng và giá_thành cotton numbertoken chứ không phải xoa đũi thông_thường khách nhé hàng không in nhuộm đảm_bảo sức_khỏe và môi_trường|Nhân vật chính trị|0.25543105602264404|2020/07/03 17:21:03|1.1471440374022016e+18
100013364943679|974161793039310|nan|nan|fb_user_post|cotton đũi chăn ga gối cotton đũi là một sản_phẩm được đánh_giá cao và người dân việt nam tìm mua nhiều nhất vì mẫu_mã đẹp chất_lượng mềm mát phù_hợp thị_trường việt nam chất_liệu vải cao_cấp mềm mịn thoáng mát thấm hút mồ_hôi tốt độ co_giãn vừa_phải đặc_biệt hoàn_toàn không biến_dạng sau quá_trình giặt_giũ màu_sắc kẻ vô_cùng trẻ_trung hiện_đại sản_phẩm này quá tuyệt_vời về cả chất_lượng và giá_thành cotton numbertoken chứ không phải xoa đũi thông_thường khách nhé hàng không in nhuộm đảm_bảo sức_khỏe và môi_trường|Tư tưởng tiêu cực - chống phá nhà nước|0.14467795193195343|2020/07/03 17:21:03|1.1471440374022016e+18
100015494071295|855976971595431|nan|nan|fb_user_post|gom di_lam ve_thay a khoai nhu nay day het met luon|Tổ chức nhà nước|0.3005950152873993|2020/07/03 17:22:20|1.966174691473969e+18
100015494071295|855976971595431|nan|nan|fb_user_post|gom di_lam ve_thay a khoai nhu nay day het met luon|Nhân vật chính trị|0.2696550488471985|2020/07/03 17:22:20|1.966174691473969e+18
100015494071295|855976971595431|nan|nan|fb_user_post|gom di_lam ve_thay a khoai nhu nay day het met luon|Tư tưởng tiêu cực - chống phá nhà nước|0.16689826548099518|2020/07/03 17:22:20|1.966174691473969e+18
100023426650628|708780746579474|nan|nan|fb_user_post|ce ta bánh_đa bánh_đúc đêm vẫn cứ ăn việc giảm cân mai tính|Tổ chức nhà nước|0.3010420501232147|2020/07/03 23:36:49|8.069531583870367e+18
100023426650628|708780746579474|nan|nan|fb_user_post|ce ta bánh_đa bánh_đúc đêm vẫn cứ ăn việc giảm cân mai tính|Nhân vật chính trị|0.2700560688972473|2020/07/03 23:36:49|8.069531583870367e+18
100023426650628|708780746579474|nan|nan|fb_user_post|ce ta bánh_đa bánh_đúc đêm vẫn cứ ăn việc giảm cân mai tính|Tư tưởng tiêu cực - chống phá nhà nước|0.1671464741230011|2020/07/03 23:36:49|8.069531583870367e+18
100006592119590|176665290489526|nan|176665290489526_176726567150065|fb_page_comment|đây là kiểu bạch dịu_dàng but nghiêm_khắc hắc cục_súc nhưng dễ mềm_lòng cưng_chiều á hi_hiii|Tổ chức nhà nước|0.3005950152873993|2020/07/03 23:31:12|7.292243862774232e+18
100006592119590|176665290489526|nan|176665290489526_176726567150065|fb_page_comment|đây là kiểu bạch dịu_dàng but nghiêm_khắc hắc cục_súc nhưng dễ mềm_lòng cưng_chiều á hi_hiii|Nhân vật chính trị|0.2696550488471985|2020/07/03 23:31:12|7.292243862774232e+18
100006592119590|176665290489526|nan|176665290489526_176726567150065|fb_page_comment|đây là kiểu bạch dịu_dàng but nghiêm_khắc hắc cục_súc nhưng dễ mềm_lòng cưng_chiều á hi_hiii|Tư tưởng tiêu cực - chống phá nhà nước|0.16689826548099518|2020/07/03 23:31:12|7.292243862774232e+18
100003144885149|3002981156483351|nan|nan|fb_user_post|giấy_nến thấm dầu nhà nào dùng nồi chiên ko dầu đều phải có ạ numbertoken set numbertoken tờ xài tẹt hiện_nay rất hot_ẻm nồi này nhưng các mẹ mua về xài đúng cách chưa ah riêng bản_thân em_em tham_gia các hội nhóm và được khuyên nên mua giấy bày ạ vì_sao nên dùng giấy_nến đục lỗ cho nckd bảo_vệ phần mặt lưới chống dính của nồi chiên không dầu dưới tác_động của muối gia_vị mặn tăng tuổi_thọ của phần lưới chống dính này gấp nhiều nhiều lần chỉ cần lót numbertoken tấm giấy_nến đục lỗ sẵn này lên trên lưới đặt thức_ăn đã tẩm ướp gia_vị vào và khởi_động nồi như bình_thường giúp dễ_dàng vệ_sinh nồi chiên không dầu sau khi hoạt_động khi lót bằng giấy_nến này rồi thì công_đoạn rửa nồi chiên không dầu không còn là cực_hình nữa ạ nó nhàn tênh luôn ấy ko phải kỳ cọ nhiều ưu_điểm so với giấy bạc giấy_nến thông_thường là có lỗ đục sẵn nên dầu thừa nước đọng vẫn thoát xuống dưới được siêu tiện_dụng ạ dùng để nướng bánh hấp bánh_bao ngăn_chặn sự bốc_hơi quá nhiều của nước làm ướt bánh chất_liệu giấy hai mặt nhập_khẩu từ phần_lan numbertoken bột gỗ nguyên_chất được sản_xuất theo quy_trình chịu_nhiệt_độ cao đặc_biệt nhiệt_độ chịu tối_đa numbertoken c|Tổ chức nhà nước|0.3670056164264679|2020/07/03 19:19:50|7.61113259340636e+18
100003144885149|3002981156483351|nan|nan|fb_user_post|giấy_nến thấm dầu nhà nào dùng nồi chiên ko dầu đều phải có ạ numbertoken set numbertoken tờ xài tẹt hiện_nay rất hot_ẻm nồi này nhưng các mẹ mua về xài đúng cách chưa ah riêng bản_thân em_em tham_gia các hội nhóm và được khuyên nên mua giấy bày ạ vì_sao nên dùng giấy_nến đục lỗ cho nckd bảo_vệ phần mặt lưới chống dính của nồi chiên không dầu dưới tác_động của muối gia_vị mặn tăng tuổi_thọ của phần lưới chống dính này gấp nhiều nhiều lần chỉ cần lót numbertoken tấm giấy_nến đục lỗ sẵn này lên trên lưới đặt thức_ăn đã tẩm ướp gia_vị vào và khởi_động nồi như bình_thường giúp dễ_dàng vệ_sinh nồi chiên không dầu sau khi hoạt_động khi lót bằng giấy_nến này rồi thì công_đoạn rửa nồi chiên không dầu không còn là cực_hình nữa ạ nó nhàn tênh luôn ấy ko phải kỳ cọ nhiều ưu_điểm so với giấy bạc giấy_nến thông_thường là có lỗ đục sẵn nên dầu thừa nước đọng vẫn thoát xuống dưới được siêu tiện_dụng ạ dùng để nướng bánh hấp bánh_bao ngăn_chặn sự bốc_hơi quá nhiều của nước làm ướt bánh chất_liệu giấy hai mặt nhập_khẩu từ phần_lan numbertoken bột gỗ nguyên_chất được sản_xuất theo quy_trình chịu_nhiệt_độ cao đặc_biệt nhiệt_độ chịu tối_đa numbertoken c|Nhân vật chính trị|0.23918765783309937|2020/07/03 19:19:50|7.61113259340636e+18
100003144885149|3002981156483351|nan|nan|fb_user_post|giấy_nến thấm dầu nhà nào dùng nồi chiên ko dầu đều phải có ạ numbertoken set numbertoken tờ xài tẹt hiện_nay rất hot_ẻm nồi này nhưng các mẹ mua về xài đúng cách chưa ah riêng bản_thân em_em tham_gia các hội nhóm và được khuyên nên mua giấy bày ạ vì_sao nên dùng giấy_nến đục lỗ cho nckd bảo_vệ phần mặt lưới chống dính của nồi chiên không dầu dưới tác_động của muối gia_vị mặn tăng tuổi_thọ của phần lưới chống dính này gấp nhiều nhiều lần chỉ cần lót numbertoken tấm giấy_nến đục lỗ sẵn này lên trên lưới đặt thức_ăn đã tẩm ướp gia_vị vào và khởi_động nồi như bình_thường giúp dễ_dàng vệ_sinh nồi chiên không dầu sau khi hoạt_động khi lót bằng giấy_nến này rồi thì công_đoạn rửa nồi chiên không dầu không còn là cực_hình nữa ạ nó nhàn tênh luôn ấy ko phải kỳ cọ nhiều ưu_điểm so với giấy bạc giấy_nến thông_thường là có lỗ đục sẵn nên dầu thừa nước đọng vẫn thoát xuống dưới được siêu tiện_dụng ạ dùng để nướng bánh hấp bánh_bao ngăn_chặn sự bốc_hơi quá nhiều của nước làm ướt bánh chất_liệu giấy hai mặt nhập_khẩu từ phần_lan numbertoken bột gỗ nguyên_chất được sản_xuất theo quy_trình chịu_nhiệt_độ cao đặc_biệt nhiệt_độ chịu tối_đa numbertoken c|Tư tưởng tiêu cực - chống phá nhà nước|0.13390164077281952|2020/07/03 19:19:50|7.61113259340636e+18
100023844321141|756489488489188|nan|nan|nan|share cho condanhconna ảnh dự thi cuộc thi ảnh dã_ngoại hè numbertoken khởi_động hậu covid cùng ico phú thọ |khác|1|nan|nan
100004988352429|1671169896392606|nan|nan|fb_user_post|trân_trọng cảm_ơn các tập_thể các cá_nhân gđ ủng_hộ để làm khu vui_chơi cho các cháu tnnđ ạ kính chúc mọi người mọi nhà luôn mạnh_khỏe hạnh_phúc và thành_công trong cuộc_sống ạ |Tổ chức nhà nước|0.31652534008026123|2020/07/03 21:14:04|7.197407449944572e+18
100004988352429|1671169896392606|nan|nan|fb_user_post|trân_trọng cảm_ơn các tập_thể các cá_nhân gđ ủng_hộ để làm khu vui_chơi cho các cháu tnnđ ạ kính chúc mọi người mọi nhà luôn mạnh_khỏe hạnh_phúc và thành_công trong cuộc_sống ạ |Nhân vật chính trị|0.24758128821849823|2020/07/03 21:14:04|7.197407449944572e+18
100004988352429|1671169896392606|nan|nan|fb_user_post|trân_trọng cảm_ơn các tập_thể các cá_nhân gđ ủng_hộ để làm khu vui_chơi cho các cháu tnnđ ạ kính chúc mọi người mọi nhà luôn mạnh_khỏe hạnh_phúc và thành_công trong cuộc_sống ạ |Tư tưởng tiêu cực - chống phá nhà nước|0.1757432073354721|2020/07/03 21:14:04|7.197407449944572e+18
100035802854484|287913839078709|nan|nan|fb_user_post|tháng numbertoken tháng của ju thương tháng của mjnh mong sẽ nhju niềm vui mới|Tổ chức nhà nước|0.3917212188243866|2020/07/03 08:31:46|5.179457647720864e+18
100035802854484|287913839078709|nan|nan|fb_user_post|tháng numbertoken tháng của ju thương tháng của mjnh mong sẽ nhju niềm vui mới|Nhân vật chính trị|0.24360017478466034|2020/07/03 08:31:46|5.179457647720864e+18
100035802854484|287913839078709|nan|nan|fb_user_post|tháng numbertoken tháng của ju thương tháng của mjnh mong sẽ nhju niềm vui mới|Tư tưởng tiêu cực - chống phá nhà nước|0.11958876252174377|2020/07/03 08:31:46|5.179457647720864e+18
100006392706558|2665615813661483|nan|nan|fb_user_post|tháng numbertoken numbertoken quận numbertoken sẽ có phố đi bộ hoạt_động bán cả đồ ăn nước_giải_khát phố đi bộ quận numbertoken tp hcm dự_kiến mở_cửa vào tháng numbertoken numbertoken với numbertoken gian_hàng bày bán các loại sản_phẩm bao_gồm đồ ăn nước_giải_khát đồ lưu_niệm quần_áo đồ thủ_công các mặt_hàng không được phép kinh_doanh tại đây sẽ bao g|Tổ chức nhà nước|0.9718584418296814|2020/07/03 21:36:42|5.303273778767781e+18
100001850333817|1811310732345213|nan|nan|fb_group_post|mình ngồi uống bia quảng_trường nhặt dc ae ai quen lh mình nhé |Nhân vật chính trị|0.6777556538581848|2020/07/03 23:59:12|4.373206160581023e+18
100001850333817|1811310732345213|nan|nan|fb_group_post|mình ngồi uống bia quảng_trường nhặt dc ae ai quen lh mình nhé |Tổ chức nhà nước|0.13337627053260803|2020/07/03 23:59:12|4.373206160581023e+18
100041797747168|964210804029236|nan|nan|fb_group_post|lợi_ích của nước kangen_thơ lục_bát honkan gia_tăng sức_khoẻ trường_kỳ giúp cho cơ_thể béo phì tránh xa độc_tố lại được thải ra giải_toả chất mỡ mà ta cho thừa đầy hơi táo_bón xin chừa bao_tử tiêu_hoá nhuận_trường ruột thông đường_huyết hay hạ tăng xông kengen hỗ_trợ lưu_thông đều hoà nhiễm_trùng đường tiểu_tiết ra nước giúp giải_quyết chỉ năm_ba tuần giảm cơn hen_suyễn đáng mừng lượng đường trong máu cũng ngừng tăng cao ngoài da dị_ứng rát cào giải_toả được bệnh tế_bào phục sinh thần_kinh toạ khóp sưng phình giảm đau thấy rõ thân_hình dẻo_dai thặng_dư a xít bên trong p_h huyết_dịch lưu_thông quân_bình nan_y_vi rút biến gen thần y phòng_bệnh kangen y_khoa|Tổ chức nhà nước|0.30956920981407166|2020/07/03 21:49:14|4.825449349764511e+18
100041797747168|964210804029236|nan|nan|fb_group_post|lợi_ích của nước kangen_thơ lục_bát honkan gia_tăng sức_khoẻ trường_kỳ giúp cho cơ_thể béo phì tránh xa độc_tố lại được thải ra giải_toả chất mỡ mà ta cho thừa đầy hơi táo_bón xin chừa bao_tử tiêu_hoá nhuận_trường ruột thông đường_huyết hay hạ tăng xông kengen hỗ_trợ lưu_thông đều hoà nhiễm_trùng đường tiểu_tiết ra nước giúp giải_quyết chỉ năm_ba tuần giảm cơn hen_suyễn đáng mừng lượng đường trong máu cũng ngừng tăng cao ngoài da dị_ứng rát cào giải_toả được bệnh tế_bào phục sinh thần_kinh toạ khóp sưng phình giảm đau thấy rõ thân_hình dẻo_dai thặng_dư a xít bên trong p_h huyết_dịch lưu_thông quân_bình nan_y_vi rút biến gen thần y phòng_bệnh kangen y_khoa|Nhân vật chính trị|0.2319878190755844|2020/07/03 21:49:14|4.825449349764511e+18
100041797747168|964210804029236|nan|nan|fb_group_post|lợi_ích của nước kangen_thơ lục_bát honkan gia_tăng sức_khoẻ trường_kỳ giúp cho cơ_thể béo phì tránh xa độc_tố lại được thải ra giải_toả chất mỡ mà ta cho thừa đầy hơi táo_bón xin chừa bao_tử tiêu_hoá nhuận_trường ruột thông đường_huyết hay hạ tăng xông kengen hỗ_trợ lưu_thông đều hoà nhiễm_trùng đường tiểu_tiết ra nước giúp giải_quyết chỉ năm_ba tuần giảm cơn hen_suyễn đáng mừng lượng đường trong máu cũng ngừng tăng cao ngoài da dị_ứng rát cào giải_toả được bệnh tế_bào phục sinh thần_kinh toạ khóp sưng phình giảm đau thấy rõ thân_hình dẻo_dai thặng_dư a xít bên trong p_h huyết_dịch lưu_thông quân_bình nan_y_vi rút biến gen thần y phòng_bệnh kangen y_khoa|Tư tưởng tiêu cực - chống phá nhà nước|0.188374325633049|2020/07/03 21:49:14|4.825449349764511e+18
100009595154171|2548656475464166|nan|nan|fb_user_post|ba mẹ bỏ đi chơi ở đâu ko dắt sóc đi sóc ko cần nữa sóc có nội rồi nè|Tổ chức nhà nước|0.30107495188713074|2020/07/03 20:27:44|2.0585717241105925e+18
100009595154171|2548656475464166|nan|nan|fb_user_post|ba mẹ bỏ đi chơi ở đâu ko dắt sóc đi sóc ko cần nữa sóc có nội rồi nè|Nhân vật chính trị|0.27008557319641113|2020/07/03 20:27:44|2.0585717241105925e+18
100009595154171|2548656475464166|nan|nan|fb_user_post|ba mẹ bỏ đi chơi ở đâu ko dắt sóc đi sóc ko cần nữa sóc có nội rồi nè|Tư tưởng tiêu cực - chống phá nhà nước|0.16716474294662476|2020/07/03 20:27:44|2.0585717241105925e+18
100004259654989|1590475474437759|nan|nan|fb_user_post|nước gừng nóng có_thể chữa được numbertoken bệnh sau numbertoken loét miệng sử_dụng nước gừng nóng để thay_thế trà uống khoảng numbertoken numbertoken lần ngày thường là uống khoảng numbertoken numbertoken lần bạn sẽ có cảm_giác bề_mặt vết loét có_thể khô lại và biến mất tình_trạng da miệng sẽ dần hồi_phục numbertoken sâu_răng trong trường_hợp bạn bị sâu_răng tấn_công nếu phát_hiện sớm hãy cố_gắng súc miệng bằng nước gừng nóng mỗi ngày vào buổi sáng và tối nếu tình_trạng cần phải xử_lý nhanh_chóng thì có_thể uống nhiều lần trong ngày thay cho trà phương_pháp này không chỉ có hiệu_quả trong việc bảo_vệ răng mà còn có_thể giúp bạn ngăn_ngừa và điều_trị sâu_răng numbertoken đau nửa đầu khi cơn đau nửa đầu tấn_công bạn có_thể ngâm hai bàn_tay của mình vào nước gừng nóng ngâm trong khoảng numbertoken phút cơn đau sẽ giảm bớt hoặc thậm_chí biến mất numbertoken viêm nha_chu khi phát_hiện bạn bị bệnh viêm nha_chu đau vùng chân răng điều đầu_tiên bạn nên làm là hãy sử_dụng nước gừng nóng để uống thay_thế trà vào mỗi buổi sáng và buổi tối numbertoken mụn trứng_cá trên mặt nhiều người bị nổi mụn trứng_cá khá nhiều trên mặt đặc_biệt là thanh thiếu_niên trong trường_hợp này bạn có_thể thử áp_dụng bài thuốc từ nước gừng bằng cách rửa mặt_bằng nước gừng nóng mỗi ngày vào sáng và tối kiên_trì trong khoảng numbertoken ngày mụn sẽ biến mất phương_pháp này cũng có tác_dụng trị_liệu nhất_định đối_với tàn_nhang và da khô numbertoken huyết_áp_cao khi có các triệu_chứng huyết_áp_cao xuất_hiện bạn có_thể ngâm chân bằng nước gừng nóng trong khoảng numbertoken phút nước gừng nóng làm ướt chân ngâm như_vậy có_thể khiến các mạch_máu giãn ra và khiến huyết_áp hạ dần xuống đến mức cân_bằng numbertoken bệnh giun_đũa trước khi đi ngủ mỗi ngày rửa hậu_môn và vùng xung_quanh bằng nước gừng nóng sau đó uống numbertoken numbertoken cốc nước gừng nóng trong khoảng numbertoken ngày để loại_bỏ chứng giun_đũa numbertoken mùi hôi chân mùi hôi chân có_thể khiến bạn mất tự_tin làm_phiền những người xung_quanh nếu bị triệu_chứng này bạn nên áp_dụng bài thuốc chữa hôi chân bằng cách sau đây nhúng ngâm chân vào nước gừng nóng thêm một_chút muối và giấm khi ngâm duy_trì việc ngâm chân khoảng numbertoken phút lau khô sau đó có_thể bôi chút phấn_rôm lên chân mùi hôi có_thể được nhanh_chóng loại_bỏ numbertoken đau_đầu cảm lạnh ngâm chân trong nước gừng nóng để mực nước cao ở mức có_thể được làm ngập xương mắt_cá chân khi ngâm thêm muối và giấm vào nước gừng nóng và thêm nước nóng liên_tục ngâm cho đến khi chân có màu hồng đỏ phương_pháp này có tác_dụng đáng_kể đối_với các chứng_bệnh phát_sinh do cảm lạnh đau_đầu và ho numbertoken đau lưng eo và vai đầu_tiên sau khi xuất_hiện các triệu_chứng đau bạn có_thể thêm một_chút muối và giấm vào nước gừng nóng sau đó sử_dụng một chiếc khăn ngâm trong nước và áp đắp nó vào khu_vực bị đau thực_hiện nhiều lần phương_pháp này có_thể làm cho các cơ thay_đổi từ từ từ chúng được thư_giãn giảm căng_thẳng và thư_giãn thả_lỏng các cơ việc này có_thể làm giảm đau rất nhiều nguồn st|Tổ chức nhà nước|0.40303295850753784|2020/07/03 20:48:28|7.470015374563066e+18
100004259654989|1590475474437759|nan|nan|fb_user_post|nước gừng nóng có_thể chữa được numbertoken bệnh sau numbertoken loét miệng sử_dụng nước gừng nóng để thay_thế trà uống khoảng numbertoken numbertoken lần ngày thường là uống khoảng numbertoken numbertoken lần bạn sẽ có cảm_giác bề_mặt vết loét có_thể khô lại và biến mất tình_trạng da miệng sẽ dần hồi_phục numbertoken sâu_răng trong trường_hợp bạn bị sâu_răng tấn_công nếu phát_hiện sớm hãy cố_gắng súc miệng bằng nước gừng nóng mỗi ngày vào buổi sáng và tối nếu tình_trạng cần phải xử_lý nhanh_chóng thì có_thể uống nhiều lần trong ngày thay cho trà phương_pháp này không chỉ có hiệu_quả trong việc bảo_vệ răng mà còn có_thể giúp bạn ngăn_ngừa và điều_trị sâu_răng numbertoken đau nửa đầu khi cơn đau nửa đầu tấn_công bạn có_thể ngâm hai bàn_tay của mình vào nước gừng nóng ngâm trong khoảng numbertoken phút cơn đau sẽ giảm bớt hoặc thậm_chí biến mất numbertoken viêm nha_chu khi phát_hiện bạn bị bệnh viêm nha_chu đau vùng chân răng điều đầu_tiên bạn nên làm là hãy sử_dụng nước gừng nóng để uống thay_thế trà vào mỗi buổi sáng và buổi tối numbertoken mụn trứng_cá trên mặt nhiều người bị nổi mụn trứng_cá khá nhiều trên mặt đặc_biệt là thanh thiếu_niên trong trường_hợp này bạn có_thể thử áp_dụng bài thuốc từ nước gừng bằng cách rửa mặt_bằng nước gừng nóng mỗi ngày vào sáng và tối kiên_trì trong khoảng numbertoken ngày mụn sẽ biến mất phương_pháp này cũng có tác_dụng trị_liệu nhất_định đối_với tàn_nhang và da khô numbertoken huyết_áp_cao khi có các triệu_chứng huyết_áp_cao xuất_hiện bạn có_thể ngâm chân bằng nước gừng nóng trong khoảng numbertoken phút nước gừng nóng làm ướt chân ngâm như_vậy có_thể khiến các mạch_máu giãn ra và khiến huyết_áp hạ dần xuống đến mức cân_bằng numbertoken bệnh giun_đũa trước khi đi ngủ mỗi ngày rửa hậu_môn và vùng xung_quanh bằng nước gừng nóng sau đó uống numbertoken numbertoken cốc nước gừng nóng trong khoảng numbertoken ngày để loại_bỏ chứng giun_đũa numbertoken mùi hôi chân mùi hôi chân có_thể khiến bạn mất tự_tin làm_phiền những người xung_quanh nếu bị triệu_chứng này bạn nên áp_dụng bài thuốc chữa hôi chân bằng cách sau đây nhúng ngâm chân vào nước gừng nóng thêm một_chút muối và giấm khi ngâm duy_trì việc ngâm chân khoảng numbertoken phút lau khô sau đó có_thể bôi chút phấn_rôm lên chân mùi hôi có_thể được nhanh_chóng loại_bỏ numbertoken đau_đầu cảm lạnh ngâm chân trong nước gừng nóng để mực nước cao ở mức có_thể được làm ngập xương mắt_cá chân khi ngâm thêm muối và giấm vào nước gừng nóng và thêm nước nóng liên_tục ngâm cho đến khi chân có màu hồng đỏ phương_pháp này có tác_dụng đáng_kể đối_với các chứng_bệnh phát_sinh do cảm lạnh đau_đầu và ho numbertoken đau lưng eo và vai đầu_tiên sau khi xuất_hiện các triệu_chứng đau bạn có_thể thêm một_chút muối và giấm vào nước gừng nóng sau đó sử_dụng một chiếc khăn ngâm trong nước và áp đắp nó vào khu_vực bị đau thực_hiện nhiều lần phương_pháp này có_thể làm cho các cơ thay_đổi từ từ từ chúng được thư_giãn giảm căng_thẳng và thư_giãn thả_lỏng các cơ việc này có_thể làm giảm đau rất nhiều nguồn st|Nhân vật chính trị|0.19365236163139343|2020/07/03 20:48:28|7.470015374563066e+18
100004259654989|1590475474437759|nan|nan|fb_user_post|nước gừng nóng có_thể chữa được numbertoken bệnh sau numbertoken loét miệng sử_dụng nước gừng nóng để thay_thế trà uống khoảng numbertoken numbertoken lần ngày thường là uống khoảng numbertoken numbertoken lần bạn sẽ có cảm_giác bề_mặt vết loét có_thể khô lại và biến mất tình_trạng da miệng sẽ dần hồi_phục numbertoken sâu_răng trong trường_hợp bạn bị sâu_răng tấn_công nếu phát_hiện sớm hãy cố_gắng súc miệng bằng nước gừng nóng mỗi ngày vào buổi sáng và tối nếu tình_trạng cần phải xử_lý nhanh_chóng thì có_thể uống nhiều lần trong ngày thay cho trà phương_pháp này không chỉ có hiệu_quả trong việc bảo_vệ răng mà còn có_thể giúp bạn ngăn_ngừa và điều_trị sâu_răng numbertoken đau nửa đầu khi cơn đau nửa đầu tấn_công bạn có_thể ngâm hai bàn_tay của mình vào nước gừng nóng ngâm trong khoảng numbertoken phút cơn đau sẽ giảm bớt hoặc thậm_chí biến mất numbertoken viêm nha_chu khi phát_hiện bạn bị bệnh viêm nha_chu đau vùng chân răng điều đầu_tiên bạn nên làm là hãy sử_dụng nước gừng nóng để uống thay_thế trà vào mỗi buổi sáng và buổi tối numbertoken mụn trứng_cá trên mặt nhiều người bị nổi mụn trứng_cá khá nhiều trên mặt đặc_biệt là thanh thiếu_niên trong trường_hợp này bạn có_thể thử áp_dụng bài thuốc từ nước gừng bằng cách rửa mặt_bằng nước gừng nóng mỗi ngày vào sáng và tối kiên_trì trong khoảng numbertoken ngày mụn sẽ biến mất phương_pháp này cũng có tác_dụng trị_liệu nhất_định đối_với tàn_nhang và da khô numbertoken huyết_áp_cao khi có các triệu_chứng huyết_áp_cao xuất_hiện bạn có_thể ngâm chân bằng nước gừng nóng trong khoảng numbertoken phút nước gừng nóng làm ướt chân ngâm như_vậy có_thể khiến các mạch_máu giãn ra và khiến huyết_áp hạ dần xuống đến mức cân_bằng numbertoken bệnh giun_đũa trước khi đi ngủ mỗi ngày rửa hậu_môn và vùng xung_quanh bằng nước gừng nóng sau đó uống numbertoken numbertoken cốc nước gừng nóng trong khoảng numbertoken ngày để loại_bỏ chứng giun_đũa numbertoken mùi hôi chân mùi hôi chân có_thể khiến bạn mất tự_tin làm_phiền những người xung_quanh nếu bị triệu_chứng này bạn nên áp_dụng bài thuốc chữa hôi chân bằng cách sau đây nhúng ngâm chân vào nước gừng nóng thêm một_chút muối và giấm khi ngâm duy_trì việc ngâm chân khoảng numbertoken phút lau khô sau đó có_thể bôi chút phấn_rôm lên chân mùi hôi có_thể được nhanh_chóng loại_bỏ numbertoken đau_đầu cảm lạnh ngâm chân trong nước gừng nóng để mực nước cao ở mức có_thể được làm ngập xương mắt_cá chân khi ngâm thêm muối và giấm vào nước gừng nóng và thêm nước nóng liên_tục ngâm cho đến khi chân có màu hồng đỏ phương_pháp này có tác_dụng đáng_kể đối_với các chứng_bệnh phát_sinh do cảm lạnh đau_đầu và ho numbertoken đau lưng eo và vai đầu_tiên sau khi xuất_hiện các triệu_chứng đau bạn có_thể thêm một_chút muối và giấm vào nước gừng nóng sau đó sử_dụng một chiếc khăn ngâm trong nước và áp đắp nó vào khu_vực bị đau thực_hiện nhiều lần phương_pháp này có_thể làm cho các cơ thay_đổi từ từ từ chúng được thư_giãn giảm căng_thẳng và thư_giãn thả_lỏng các cơ việc này có_thể làm giảm đau rất nhiều nguồn st|Tư tưởng tiêu cực - chống phá nhà nước|0.1247236579656601|2020/07/03 20:48:28|7.470015374563066e+18
100009453343509|4476197269064657|nan|nan|fb_group_post|chun đẹp cho ra những đường bo siêu phẩm ạ chun chun numbertoken li may bo gấu các đường mép êm dầy vừa mềm đanh cực đẹp ạ chun numbertoken may cạp_quần chun cạp_quần tập chắc_chắn êm bụng không bao_giờ phải nghĩ đến việc thay chun ạ ren trang_trí numbertoken ren đồ lót bản|Tổ chức nhà nước|0.3737192749977112|2020/07/03 08:24:41|5.034030263278417e+18
100009453343509|4476197269064657|nan|nan|fb_group_post|chun đẹp cho ra những đường bo siêu phẩm ạ chun chun numbertoken li may bo gấu các đường mép êm dầy vừa mềm đanh cực đẹp ạ chun numbertoken may cạp_quần chun cạp_quần tập chắc_chắn êm bụng không bao_giờ phải nghĩ đến việc thay chun ạ ren trang_trí numbertoken ren đồ lót bản|Nhân vật chính trị|0.2596515119075775|2020/07/03 08:24:41|5.034030263278417e+18
100009453343509|4476197269064657|nan|nan|fb_group_post|chun đẹp cho ra những đường bo siêu phẩm ạ chun chun numbertoken li may bo gấu các đường mép êm dầy vừa mềm đanh cực đẹp ạ chun numbertoken may cạp_quần chun cạp_quần tập chắc_chắn êm bụng không bao_giờ phải nghĩ đến việc thay chun ạ ren trang_trí numbertoken ren đồ lót bản|Tư tưởng tiêu cực - chống phá nhà nước|0.13119180500507355|2020/07/03 08:24:41|5.034030263278417e+18
100000213931991|3815062281844199|nan|nan|fb_user_post|đồng_hồ thông_minh m ichael k ors đồng_hồ cảm_ứng mk siêu thông_minh sang chảnh đẹp từng milimet có numbertoken cái màu hồng dây cao_su àh ai muốn dây màu gì tự thay nhé rẻ xỉu lun ptn ai thích hốt nhanh ko hết sale là về giá cũ á case mỏng bộ_nhớ hệ điều_hành wear os by google tích_hợp android os numbertoken numbertoken ios numbertoken numbertoken kết_nối bluetooth smart enabled numbertoken numbertoken low energy wi fi numbertoken numbertoken b g n thời_lượng pin sạc numbertoken tiếng sử_dụng trong vòng numbertoken tiếng processor qualcomm snapdragontm wear numbertoken phụ_kiện đi kèm sách hướng_dẫn sổ bảo_hành dây sạc usb chức_năng chính tích_hợp hệ điều_hành wear os kết_nối với ios và android kết_nối bluetooth đồng_bộ kết_nối thay_đổi hình nền thông_báo tải ứng_dụng trả_lời tin nhắn android báo_thức thông_báo lịch sạc nhanh đo_đạc các hoạt_động sức_khỏe thời_tiết đếm bước chân điều_khiển nhạc tự điều_chỉnh múi_giờ quốc_tế|Nhân vật chính trị|0.34488508105278015|2020/07/03 18:30:39|8.367802859892977e+17
100000213931991|3815062281844199|nan|nan|fb_user_post|đồng_hồ thông_minh m ichael k ors đồng_hồ cảm_ứng mk siêu thông_minh sang chảnh đẹp từng milimet có numbertoken cái màu hồng dây cao_su àh ai muốn dây màu gì tự thay nhé rẻ xỉu lun ptn ai thích hốt nhanh ko hết sale là về giá cũ á case mỏng bộ_nhớ hệ điều_hành wear os by google tích_hợp android os numbertoken numbertoken ios numbertoken numbertoken kết_nối bluetooth smart enabled numbertoken numbertoken low energy wi fi numbertoken numbertoken b g n thời_lượng pin sạc numbertoken tiếng sử_dụng trong vòng numbertoken tiếng processor qualcomm snapdragontm wear numbertoken phụ_kiện đi kèm sách hướng_dẫn sổ bảo_hành dây sạc usb chức_năng chính tích_hợp hệ điều_hành wear os kết_nối với ios và android kết_nối bluetooth đồng_bộ kết_nối thay_đổi hình nền thông_báo tải ứng_dụng trả_lời tin nhắn android báo_thức thông_báo lịch sạc nhanh đo_đạc các hoạt_động sức_khỏe thời_tiết đếm bước chân điều_khiển nhạc tự điều_chỉnh múi_giờ quốc_tế|Tổ chức nhà nước|0.3224637508392334|2020/07/03 18:30:39|8.367802859892977e+17
100000213931991|3815062281844199|nan|nan|fb_user_post|đồng_hồ thông_minh m ichael k ors đồng_hồ cảm_ứng mk siêu thông_minh sang chảnh đẹp từng milimet có numbertoken cái màu hồng dây cao_su àh ai muốn dây màu gì tự thay nhé rẻ xỉu lun ptn ai thích hốt nhanh ko hết sale là về giá cũ á case mỏng bộ_nhớ hệ điều_hành wear os by google tích_hợp android os numbertoken numbertoken ios numbertoken numbertoken kết_nối bluetooth smart enabled numbertoken numbertoken low energy wi fi numbertoken numbertoken b g n thời_lượng pin sạc numbertoken tiếng sử_dụng trong vòng numbertoken tiếng processor qualcomm snapdragontm wear numbertoken phụ_kiện đi kèm sách hướng_dẫn sổ bảo_hành dây sạc usb chức_năng chính tích_hợp hệ điều_hành wear os kết_nối với ios và android kết_nối bluetooth đồng_bộ kết_nối thay_đổi hình nền thông_báo tải ứng_dụng trả_lời tin nhắn android báo_thức thông_báo lịch sạc nhanh đo_đạc các hoạt_động sức_khỏe thời_tiết đếm bước chân điều_khiển nhạc tự điều_chỉnh múi_giờ quốc_tế|Tư tưởng tiêu cực - chống phá nhà nước|0.1143990233540535|2020/07/03 18:30:39|8.367802859892977e+17
100005860062474|1437536909784964|nan|nan|fb_user_post|keep it up hello mọi người mình là vic mình đã làm producer được numbertoken năm hợp_tác và làm_việc cùng rất nhiều các nghệ_sĩ trẻ tuổi tài_năng nhưng thiếu đi một nhà tài tr ợ quảng_bá giữ bản_quyền và mang âm_nhạc của chúng_ta đến gần hơn với người nghe chính vì đó mà các nghệ_sĩ lâu năm cũng như mới chập_chững vào nghề đã tập_hợp lại và cùng nhau lập ra team lo fi soundz lo fi soundz bao_gồm đội_ngũ truyền_thông admin lâu năm dày kinh_nghiệm đội design banner artwork video lyrics đội_ngũ producer numbertoken prod bao_gồm vic nhận phối beat đội_ngũ singer rapper record n mix n master kênh youtube lo fi soundz official với hơn lượt sub trang fanpage lo fi soundz với mục_đích quảng_bá âm_nhạc và support kênh youtube lo fi soundz hoạt_động theo nguyên_tắc chuyên_nghiệp mọi sản_phẩm âm_nhạc gửi về page đều được đội_ngũ admin kiểm_duyệt kĩ về chất_lượng ca từ bản_quyền beat trước khi up lên fanpage và youtube tận_tâm các sản_phẩm sau khi thông_qua kiểm_duyệt sẽ được đầu_tư về banner artwork video lyrics và quảng_bá rộng trên các hệ_thống fanpage youtube cũng như các trang của cộng_đồng rap việt không ngừng cố_gắng team luôn_luôn trau_dồi kiến_thức và kĩ_năng trong mọi lĩnh_vực để mang lại những sản_phẩm âm_nhạc chất_lượng nhất lo fi soundz đang chào_đón các bạn youtube fanpage |Tổ chức nhà nước|0.427533358335495|2020/07/03 17:45:56|2.2695383816956124e+18
100005860062474|1437536909784964|nan|nan|fb_user_post|keep it up hello mọi người mình là vic mình đã làm producer được numbertoken năm hợp_tác và làm_việc cùng rất nhiều các nghệ_sĩ trẻ tuổi tài_năng nhưng thiếu đi một nhà tài tr ợ quảng_bá giữ bản_quyền và mang âm_nhạc của chúng_ta đến gần hơn với người nghe chính vì đó mà các nghệ_sĩ lâu năm cũng như mới chập_chững vào nghề đã tập_hợp lại và cùng nhau lập ra team lo fi soundz lo fi soundz bao_gồm đội_ngũ truyền_thông admin lâu năm dày kinh_nghiệm đội design banner artwork video lyrics đội_ngũ producer numbertoken prod bao_gồm vic nhận phối beat đội_ngũ singer rapper record n mix n master kênh youtube lo fi soundz official với hơn lượt sub trang fanpage lo fi soundz với mục_đích quảng_bá âm_nhạc và support kênh youtube lo fi soundz hoạt_động theo nguyên_tắc chuyên_nghiệp mọi sản_phẩm âm_nhạc gửi về page đều được đội_ngũ admin kiểm_duyệt kĩ về chất_lượng ca từ bản_quyền beat trước khi up lên fanpage và youtube tận_tâm các sản_phẩm sau khi thông_qua kiểm_duyệt sẽ được đầu_tư về banner artwork video lyrics và quảng_bá rộng trên các hệ_thống fanpage youtube cũng như các trang của cộng_đồng rap việt không ngừng cố_gắng team luôn_luôn trau_dồi kiến_thức và kĩ_năng trong mọi lĩnh_vực để mang lại những sản_phẩm âm_nhạc chất_lượng nhất lo fi soundz đang chào_đón các bạn youtube fanpage |Nhân vật chính trị|0.22700676321983337|2020/07/03 17:45:56|2.2695383816956124e+18
100005860062474|1437536909784964|nan|nan|fb_user_post|keep it up hello mọi người mình là vic mình đã làm producer được numbertoken năm hợp_tác và làm_việc cùng rất nhiều các nghệ_sĩ trẻ tuổi tài_năng nhưng thiếu đi một nhà tài tr ợ quảng_bá giữ bản_quyền và mang âm_nhạc của chúng_ta đến gần hơn với người nghe chính vì đó mà các nghệ_sĩ lâu năm cũng như mới chập_chững vào nghề đã tập_hợp lại và cùng nhau lập ra team lo fi soundz lo fi soundz bao_gồm đội_ngũ truyền_thông admin lâu năm dày kinh_nghiệm đội design banner artwork video lyrics đội_ngũ producer numbertoken prod bao_gồm vic nhận phối beat đội_ngũ singer rapper record n mix n master kênh youtube lo fi soundz official với hơn lượt sub trang fanpage lo fi soundz với mục_đích quảng_bá âm_nhạc và support kênh youtube lo fi soundz hoạt_động theo nguyên_tắc chuyên_nghiệp mọi sản_phẩm âm_nhạc gửi về page đều được đội_ngũ admin kiểm_duyệt kĩ về chất_lượng ca từ bản_quyền beat trước khi up lên fanpage và youtube tận_tâm các sản_phẩm sau khi thông_qua kiểm_duyệt sẽ được đầu_tư về banner artwork video lyrics và quảng_bá rộng trên các hệ_thống fanpage youtube cũng như các trang của cộng_đồng rap việt không ngừng cố_gắng team luôn_luôn trau_dồi kiến_thức và kĩ_năng trong mọi lĩnh_vực để mang lại những sản_phẩm âm_nhạc chất_lượng nhất lo fi soundz đang chào_đón các bạn youtube fanpage |Tư tưởng tiêu cực - chống phá nhà nước|0.12530574202537537|2020/07/03 17:45:56|2.2695383816956124e+18
100012963099351|986672038441557|nan|nan|fb_user_post|bước chân zô quán đèn mờ ngồi gần con_gái ko sờ là ngu thà_rằng cắt tóc đi_tu ngồi gần con_gái ngu sao mà ko sờ người trai như này xứng_đáng là thiên_thần |Tổ chức nhà nước|0.2900505065917969|2020/07/03 17:19:31|8.092578027325486e+18
100012963099351|986672038441557|nan|nan|fb_user_post|bước chân zô quán đèn mờ ngồi gần con_gái ko sờ là ngu thà_rằng cắt tóc đi_tu ngồi gần con_gái ngu sao mà ko sờ người trai như này xứng_đáng là thiên_thần |Nhân vật chính trị|0.26019585132598877|2020/07/03 17:19:31|8.092578027325486e+18
100012963099351|986672038441557|nan|nan|fb_user_post|bước chân zô quán đèn mờ ngồi gần con_gái ko sờ là ngu thà_rằng cắt tóc đi_tu ngồi gần con_gái ngu sao mà ko sờ người trai như này xứng_đáng là thiên_thần |Tư tưởng tiêu cực - chống phá nhà nước|0.1610436737537384|2020/07/03 17:19:31|8.092578027325486e+18
100051779271712|3207056956004619|nan|3207056956004619_3207060859337562|fb_group_comment|video full hd em thần dâm trâm anh cực chất anh emvào để xem phim numbertoken|Tổ chức nhà nước|0.3776604235172272|2020/07/03 16:24:37|1.4343744891618967e+18
100051779271712|3207056956004619|nan|3207056956004619_3207060859337562|fb_group_comment|video full hd em thần dâm trâm anh cực chất anh emvào để xem phim numbertoken|Nhân vật chính trị|0.2782595455646515|2020/07/03 16:24:37|1.4343744891618967e+18
100051779271712|3207056956004619|nan|3207056956004619_3207060859337562|fb_group_comment|video full hd em thần dâm trâm anh cực chất anh emvào để xem phim numbertoken|Tư tưởng tiêu cực - chống phá nhà nước|0.10655437409877777|2020/07/03 16:24:37|1.4343744891618967e+18
100049873205344|147142876958152|nan|nan|fb_user_post|anh_em đã nắm_bắt được quả trend ối dồi ôi này chưa ạ v|Tổ chức nhà nước|0.2964641749858856|2020/07/03 20:59:56|2.8031655087081713e+18
100049873205344|147142876958152|nan|nan|fb_user_post|anh_em đã nắm_bắt được quả trend ối dồi ôi này chưa ạ v|Nhân vật chính trị|0.2796916365623474|2020/07/03 20:59:56|2.8031655087081713e+18
100049873205344|147142876958152|nan|nan|fb_user_post|anh_em đã nắm_bắt được quả trend ối dồi ôi này chưa ạ v|Tư tưởng tiêu cực - chống phá nhà nước|0.16460470855236053|2020/07/03 20:59:56|2.8031655087081713e+18
100045230851968|175312923986402|nan|nan|fb_user_post| max numbertoken đài_loan đời_đầu_máy siêu bền bán máy_móc nguyên zin êm_ru thì_thầm áo sống như hình bánh măm mới_tinh pô theo xe nổ ấm đồng_hồ zin hoạt_động tốt full mọi chức_năng mua về đỗ xăng dô là đi thôi nhé ko tốn bất_kỳ numbertoken ngàn nào sửa_chữa nhé giấy_tờ đầy_đủ bstp bán bao tranh_chấp trộm_cắp toàn_quốc giá bán bớt xăng cho ai nhanh gọn lẹ nha mua về là đi ngay nhé ko cần sữa chữa gì hết nha bao cày bừa thoải_mái call koi xe hốc môn |Tổ chức nhà nước|0.39364126324653625|2020/07/03 08:58:18|2.681597916565376e+18
100045230851968|175312923986402|nan|nan|fb_user_post| max numbertoken đài_loan đời_đầu_máy siêu bền bán máy_móc nguyên zin êm_ru thì_thầm áo sống như hình bánh măm mới_tinh pô theo xe nổ ấm đồng_hồ zin hoạt_động tốt full mọi chức_năng mua về đỗ xăng dô là đi thôi nhé ko tốn bất_kỳ numbertoken ngàn nào sửa_chữa nhé giấy_tờ đầy_đủ bstp bán bao tranh_chấp trộm_cắp toàn_quốc giá bán bớt xăng cho ai nhanh gọn lẹ nha mua về là đi ngay nhé ko cần sữa chữa gì hết nha bao cày bừa thoải_mái call koi xe hốc môn |Nhân vật chính trị|0.24479420483112335|2020/07/03 08:58:18|2.681597916565376e+18
100045230851968|175312923986402|nan|nan|fb_user_post| max numbertoken đài_loan đời_đầu_máy siêu bền bán máy_móc nguyên zin êm_ru thì_thầm áo sống như hình bánh măm mới_tinh pô theo xe nổ ấm đồng_hồ zin hoạt_động tốt full mọi chức_năng mua về đỗ xăng dô là đi thôi nhé ko tốn bất_kỳ numbertoken ngàn nào sửa_chữa nhé giấy_tờ đầy_đủ bstp bán bao tranh_chấp trộm_cắp toàn_quốc giá bán bớt xăng cho ai nhanh gọn lẹ nha mua về là đi ngay nhé ko cần sữa chữa gì hết nha bao cày bừa thoải_mái call koi xe hốc môn |Tư tưởng tiêu cực - chống phá nhà nước|0.12204472720623016|2020/07/03 08:58:18|2.681597916565376e+18
100002056753472|3184697668275427|nan|nan|fb_user_post|hay live dạy con bản_lĩnh như đại_bàng trần việt quân buổi chia_sẻ với những phụ_huynh trường pathway tuệ đức về chủ_đề dạy con bản_lĩnh như đại_bàng tại cơ_sở numbertoken numbertoken lê thị riêng p thới an quận numbertoken thành_phố |Nhân vật chính trị|0.39951643347740173|2020/07/03 10:39:28|9.110453940040408e+18
100002056753472|3184697668275427|nan|nan|fb_user_post|hay live dạy con bản_lĩnh như đại_bàng trần việt quân buổi chia_sẻ với những phụ_huynh trường pathway tuệ đức về chủ_đề dạy con bản_lĩnh như đại_bàng tại cơ_sở numbertoken numbertoken lê thị riêng p thới an quận numbertoken thành_phố |Tổ chức nhà nước|0.3381551504135132|2020/07/03 10:39:28|9.110453940040408e+18
100003160433491|3086973038084680|nan|nan|fb_user_post|sữa tắm cocovel hàng chính hãng thơm_nức mũi siêu to khổng_lồ mát mềm mịn lắm nói_chung là chim ưng cực_kì các bác muốn thử qua luôn nhà em điện nước đầy_đủ tắm phát thơm_nức mũi hàng có sẵn nhaaaa|Tổ chức nhà nước|0.2915079593658447|2020/07/03 17:25:41|1.605968811045842e+18
100003160433491|3086973038084680|nan|nan|fb_user_post|sữa tắm cocovel hàng chính hãng thơm_nức mũi siêu to khổng_lồ mát mềm mịn lắm nói_chung là chim ưng cực_kì các bác muốn thử qua luôn nhà em điện nước đầy_đủ tắm phát thơm_nức mũi hàng có sẵn nhaaaa|Nhân vật chính trị|0.28214776515960693|2020/07/03 17:25:41|1.605968811045842e+18
100003160433491|3086973038084680|nan|nan|fb_user_post|sữa tắm cocovel hàng chính hãng thơm_nức mũi siêu to khổng_lồ mát mềm mịn lắm nói_chung là chim ưng cực_kì các bác muốn thử qua luôn nhà em điện nước đầy_đủ tắm phát thơm_nức mũi hàng có sẵn nhaaaa|Tư tưởng tiêu cực - chống phá nhà nước|0.16393469274044037|2020/07/03 17:25:41|1.605968811045842e+18
100001638653812|3234912519906671|nan|nan|nan|ngày trước ra đó mà ko thấy đẹp như này mong numbertoken ngày đi đến kỳ co thiên_đường_biển đảo đẹp quên lối về ở quy_nhơn|Tổ chức nhà nước|0.3458797335624695|nan|nan
100001638653812|3234912519906671|nan|nan|nan|ngày trước ra đó mà ko thấy đẹp như này mong numbertoken ngày đi đến kỳ co thiên_đường_biển đảo đẹp quên lối về ở quy_nhơn|Nhân vật chính trị|0.2403092384338379|nan|nan
100001638653812|3234912519906671|nan|nan|nan|ngày trước ra đó mà ko thấy đẹp như này mong numbertoken ngày đi đến kỳ co thiên_đường_biển đảo đẹp quên lối về ở quy_nhơn|Sai phạm|0.11064504086971283|nan|nan
100001638653812|3234912519906671|nan|nan|nan|ngày trước ra đó mà ko thấy đẹp như này mong numbertoken ngày đi đến kỳ co thiên_đường_biển đảo đẹp quên lối về ở quy_nhơn|Tư tưởng tiêu cực - chống phá nhà nước|0.10559379309415817|nan|nan
100004044295396|2011706505640806|nan|nan|fb_user_post|cần bán vison odo numbertoken numbertoken chủ bs đức hòa long_an giá ib xem xe đức hòa đông đức hòa long_an|Tổ chức nhà nước|0.3875747323036194|2020/07/03 18:26:25|7.069779282764008e+18
100004044295396|2011706505640806|nan|nan|fb_user_post|cần bán vison odo numbertoken numbertoken chủ bs đức hòa long_an giá ib xem xe đức hòa đông đức hòa long_an|Nhân vật chính trị|0.28288713097572327|2020/07/03 18:26:25|7.069779282764008e+18
100029727766057|333514440982812|nan|nan|fb_user_post|công_việc hái rau và nhặt rau là những công_việc diễn ra hàng ngày hàng giờ đối_với chị_em nhưng ngày hôm_qua bạn vừa đi làm nail về bạn không muốn bộ nail của mình bị ố màu giá bộ ngón tay silicon có độ co_giãn độc_đáo giúp bạn cảm_thấy thoải_mái khi đeo nó thích_hợp để hái rau dâu_tây và nho cũng như tỉa cành cắt bỏ các loại gia_vị trồng tại nhà ngoài_ra sử_dụng nó trong việc chuẩn_bị các sản_phẩm thịt để làm xúc_xích điều này tương_đương với một móng tay mạnh_mẽ và sắc nét có_thể thay_thế nhiều móng tay và thuận_tiện và nhanh_chóng hơn những món quà tuyệt_vời cho mẹ hoặc bố thậm_chí cho những người bạn yêu thích làm_vườn thông_số kỹ_thuật chất_liệu silicon thép không_gỉ kích_thước khoảng numbertoken được làm từ chất_liệu cao_cấp găng_tay có độ bền cao sử_dụng lâu_dài|Tổ chức nhà nước|0.9631602764129639|2020/07/03 22:02:33|3.889997723225421e+18
100010761762390|1145634492471932|nan|nan|fb_user_post|tom ford oud wood nếu phải định_nghĩa khái_niệm đàn_ông qua numbertoken mùi hương cụ_thể đó chắc_chắn là tomford oudwood thứ mùi gỗ cứng_cáp rắn_rỏi tinh_tế sâu_lắng nhiều tự_sự tràn_ngập hương_vị của sự giàu_sang uy_quyền và dường_như sinh ra để_dành riêng cho những gã tiêu tiền quyển sẵn full|Tổ chức nhà nước|0.34665024280548096|2020/07/03 20:46:54|7.137819836679933e+18
100010761762390|1145634492471932|nan|nan|fb_user_post|tom ford oud wood nếu phải định_nghĩa khái_niệm đàn_ông qua numbertoken mùi hương cụ_thể đó chắc_chắn là tomford oudwood thứ mùi gỗ cứng_cáp rắn_rỏi tinh_tế sâu_lắng nhiều tự_sự tràn_ngập hương_vị của sự giàu_sang uy_quyền và dường_như sinh ra để_dành riêng cho những gã tiêu tiền quyển sẵn full|Nhân vật chính trị|0.2771928906440735|2020/07/03 20:46:54|7.137819836679933e+18
100010761762390|1145634492471932|nan|nan|fb_user_post|tom ford oud wood nếu phải định_nghĩa khái_niệm đàn_ông qua numbertoken mùi hương cụ_thể đó chắc_chắn là tomford oudwood thứ mùi gỗ cứng_cáp rắn_rỏi tinh_tế sâu_lắng nhiều tự_sự tràn_ngập hương_vị của sự giàu_sang uy_quyền và dường_như sinh ra để_dành riêng cho những gã tiêu tiền quyển sẵn full|Tư tưởng tiêu cực - chống phá nhà nước|0.13206712901592255|2020/07/03 20:46:54|7.137819836679933e+18
100013464946118|963607047431451|nan|nan|nan| ngon quên sầu ngô xào tép khu cầu đen|Tổ chức nhà nước|0.30429133772850037|nan|nan
100013464946118|963607047431451|nan|nan|nan| ngon quên sầu ngô xào tép khu cầu đen|Nhân vật chính trị|0.27297088503837585|nan|nan
100013464946118|963607047431451|nan|nan|nan| ngon quên sầu ngô xào tép khu cầu đen|Tư tưởng tiêu cực - chống phá nhà nước|0.16758103668689728|nan|nan
100014837386565|924920221345882|nan|nan|fb_user_post|mỗi người khi sinh ra đều có hai vị thần luôn theo bên cạnh|Tổ chức nhà nước|0.29995375871658325|2020/07/03 23:02:17|2.209728444443336e+18
100014837386565|924920221345882|nan|nan|fb_user_post|mỗi người khi sinh ra đều có hai vị thần luôn theo bên cạnh|Nhân vật chính trị|0.2690797746181488|2020/07/03 23:02:17|2.209728444443336e+18
100014837386565|924920221345882|nan|nan|fb_user_post|mỗi người khi sinh ra đều có hai vị thần luôn theo bên cạnh|Tư tưởng tiêu cực - chống phá nhà nước|0.16654221713542938|2020/07/03 23:02:17|2.209728444443336e+18
100013592087089|969412810188446|nan|nan|fb_user_post|áo trắng có khiến anh lo_lắng béo không tả nổi luôn|Tổ chức nhà nước|0.3005979657173157|2020/07/03 23:19:19|8.835033290256313e+18
100013592087089|969412810188446|nan|nan|fb_user_post|áo trắng có khiến anh lo_lắng béo không tả nổi luôn|Nhân vật chính trị|0.2696576714515686|2020/07/03 23:19:19|8.835033290256313e+18
100013592087089|969412810188446|nan|nan|fb_user_post|áo trắng có khiến anh lo_lắng béo không tả nổi luôn|Tư tưởng tiêu cực - chống phá nhà nước|0.1668999046087265|2020/07/03 23:19:19|8.835033290256313e+18
100034337112002|304767917344443|nan|nan|fb_user_post|đam lien giá numbertoken sine s m l xl mua dưới numbertoken cước_phí numbertoken trên numbertoken miễn cước lưu_ý bên em không nhận đổi sine mong chi e thông cãm nhận đổi trả hàng bị lỗi và gửi nhầm size đặt_hàng numbertoken numbertoken ngày nhận thứ numbertoken cn nghi làm viẹc nhận tim theo mẫu khách yêu_cầu|Nhân vật chính trị|0.5069311857223511|2020/07/03 23:34:17|8.707152261718803e+18
100034337112002|304767917344443|nan|nan|fb_user_post|đam lien giá numbertoken sine s m l xl mua dưới numbertoken cước_phí numbertoken trên numbertoken miễn cước lưu_ý bên em không nhận đổi sine mong chi e thông cãm nhận đổi trả hàng bị lỗi và gửi nhầm size đặt_hàng numbertoken numbertoken ngày nhận thứ numbertoken cn nghi làm viẹc nhận tim theo mẫu khách yêu_cầu|Tổ chức nhà nước|0.18040139973163605|2020/07/03 23:34:17|8.707152261718803e+18
100005857384740|1357358884469345|nan|nan|fb_user_post|nghe bảo hot lắm ý về hàng cũng sịn sò long_lanh như ảnh thật|Tổ chức nhà nước|0.30060553550720215|2020/07/03 16:36:46|2.4776238825466424e+18
100005857384740|1357358884469345|nan|nan|fb_user_post|nghe bảo hot lắm ý về hàng cũng sịn sò long_lanh như ảnh thật|Nhân vật chính trị|0.269664466381073|2020/07/03 16:36:46|2.4776238825466424e+18
100005857384740|1357358884469345|nan|nan|fb_user_post|nghe bảo hot lắm ý về hàng cũng sịn sò long_lanh như ảnh thật|Tư tưởng tiêu cực - chống phá nhà nước|0.16690410673618317|2020/07/03 16:36:46|2.4776238825466424e+18
100008439948788|692770694619099|nan|692770694619099_692793517950150|fb_user_comment|quên_mình quên chị quỳnh quên chị lệ quên trang rồi|Tổ chức nhà nước|0.3005201816558838|2020/07/03 23:40:29|2.9696066135663406e+18
100008439948788|692770694619099|nan|692770694619099_692793517950150|fb_user_comment|quên_mình quên chị quỳnh quên chị lệ quên trang rồi|Nhân vật chính trị|0.269587904214859|2020/07/03 23:40:29|2.9696066135663406e+18
100008439948788|692770694619099|nan|692770694619099_692793517950150|fb_user_comment|quên_mình quên chị quỳnh quên chị lệ quên trang rồi|Tư tưởng tiêu cực - chống phá nhà nước|0.16685672104358673|2020/07/03 23:40:29|2.9696066135663406e+18
100005661305096|1302624686602896|nan|nan|fb_user_post|khách dùng mĩ_phẩm yody white phương anh của nhà phân_phối ngọc điệp được xông mặt miễn_phí nhé|Tổ chức nhà nước|0.30519917607307434|2020/07/03 22:21:17|8.51882146045442e+18
100005661305096|1302624686602896|nan|nan|fb_user_post|khách dùng mĩ_phẩm yody white phương anh của nhà phân_phối ngọc điệp được xông mặt miễn_phí nhé|Nhân vật chính trị|0.2737852931022644|2020/07/03 22:21:17|8.51882146045442e+18
100005661305096|1302624686602896|nan|nan|fb_user_post|khách dùng mĩ_phẩm yody white phương anh của nhà phân_phối ngọc điệp được xông mặt miễn_phí nhé|Tư tưởng tiêu cực - chống phá nhà nước|0.16945461928844452|2020/07/03 22:21:17|8.51882146045442e+18
100006128507081|2643939579153633|nan|nan|fb_user_post|anh là con_trai có_thể yêu hay không còn phải xem túi_tiền có đủ tư_cách hay không nữa|Tổ chức nhà nước|0.30059126019477844|2020/07/03 23:34:01|1.3034564632179182e+18
100006128507081|2643939579153633|nan|nan|fb_user_post|anh là con_trai có_thể yêu hay không còn phải xem túi_tiền có đủ tư_cách hay không nữa|Nhân vật chính trị|0.2696516513824463|2020/07/03 23:34:01|1.3034564632179182e+18
100006128507081|2643939579153633|nan|nan|fb_user_post|anh là con_trai có_thể yêu hay không còn phải xem túi_tiền có đủ tư_cách hay không nữa|Tư tưởng tiêu cực - chống phá nhà nước|0.16689617931842804|2020/07/03 23:34:01|1.3034564632179182e+18
100040362247435|293680721987334|nan|nan|nan| bệnh lâu mới thấy lầm thuốc chữa tuổi già mới thấy hối muộn thi thư |Tổ chức nhà nước|0.3133821487426758|nan|nan
100040362247435|293680721987334|nan|nan|nan| bệnh lâu mới thấy lầm thuốc chữa tuổi già mới thấy hối muộn thi thư |Nhân vật chính trị|0.26244813203811646|nan|nan
100040362247435|293680721987334|nan|nan|nan| bệnh lâu mới thấy lầm thuốc chữa tuổi già mới thấy hối muộn thi thư |Tư tưởng tiêu cực - chống phá nhà nước|0.16243767738342285|nan|nan
326554278268956|604674147123633|nan|604674147123633_604678970456484|fb_page_comment|mấy bạn biết vote aii comment không biết về giải mọi người giải_đáp thắc_mắc dùm ad với chúng_ta chung tay làm_nên thành_công cho bp nào|Tổ chức nhà nước|0.3009248375892639|2020/07/03 21:50:15|6.49464004382342e+18
326554278268956|604674147123633|nan|604674147123633_604678970456484|fb_page_comment|mấy bạn biết vote aii comment không biết về giải mọi người giải_đáp thắc_mắc dùm ad với chúng_ta chung tay làm_nên thành_công cho bp nào|Nhân vật chính trị|0.2699509263038635|2020/07/03 21:50:15|6.49464004382342e+18
326554278268956|604674147123633|nan|604674147123633_604678970456484|fb_page_comment|mấy bạn biết vote aii comment không biết về giải mọi người giải_đáp thắc_mắc dùm ad với chúng_ta chung tay làm_nên thành_công cho bp nào|Tư tưởng tiêu cực - chống phá nhà nước|0.16708140075206757|2020/07/03 21:50:15|6.49464004382342e+18
100025142180855|699008087613924|nan|nan|fb_user_post|một sản_phẩm nhanh gọn tiện_lợi thơm ngon mà vẫn đầy_đủ chất dinh_dưỡng cho bé đó là miến ăn_liền ngũ_vị hikari miso nhật_bản một gói miến to bao_gồm numbertoken gói nhỏ với numbertoken vị khác nhau và toàn những vị bé sẽ rất yêu thích giúp mẹ thoải_mái đổi vị cho bé mà không sợ bé nhàm_chán thành_phần của miến ăn_liền ngũ_vị hikari miso nhật bản miến hikari miso được làm từ gạo nhật nước súp được cô đặc từ hải_sản thịt heo rong biển đậu_nành cùng với cải_thảo cà_rốt củ_cải_tạo nên nhiều hương_vị thơm ngon numbertoken hương vịbao gồm cá hải_sản rong biển trứng và đậu_nành ưu_điểm vượt_trội của miến ăn_liền ngũ_vị hikari miso nhật bản được biết đến như là một trong những dòng miến được yêu thích nhất ở nhật bản và hàn_quốc hương_vị cực thơm ngon dễ ăn sản_phẩm bán rất chạy tại nhật bản và đang dần một trở_nên quen_thuộc đối_với các mẹ việt một túi đóng_gói numbertoken gói nhỏ mỗi gói nhỏ có numbertoken vị khác nhau phù_hợp với không chỉ trẻ nhỏ mà người_lớn cũng rất thích ăn là sản_phẩm của nhật bản được chứng_nhận an_toàn các mẹ không phải lo mua phải những loại miến không rõ nguồn_gốc trôi_nổi trên thị_trường không có nhãn_mác gì miến có độ dai vừa phải nên không bị nát khi nấu mà vẫn dễ nhai và nuốt dễ chế_biến cực tiện_lợi nếu mang đi ăn picnic được làm từ những nguyên_liệu cao_cấp nên rất an_toàn gia_vị là nước sốt đậm_đà nhưng không hề sử_dụng bất_cứ một chất_độc_hại nào ăn sáng hay chọn làm_ăn bữa phụ cũng rất tốt cho bé đảm_bảo đầy_đủ dưỡng_chất cách chế_biến miến ăn_liền ngũ_vị hikari miso nhật bản túi đóng numbertoken gói tùy_khẩu_phần ăn bạn dùng số_lượng gói khác nhau bỏ miễn ra khỏi túi rồi cho vào bát phù_hợp mỗi gói miến nhỏ được pha với numbertoken nước sôi cho gói nước sốt gia_vị vào để trong numbertoken phút sau đó trộn đều là dùng được ngay|Tổ chức nhà nước|0.4110351800918579|2020/07/03 18:55:01|8.755009247759304e+18
100025142180855|699008087613924|nan|nan|fb_user_post|một sản_phẩm nhanh gọn tiện_lợi thơm ngon mà vẫn đầy_đủ chất dinh_dưỡng cho bé đó là miến ăn_liền ngũ_vị hikari miso nhật_bản một gói miến to bao_gồm numbertoken gói nhỏ với numbertoken vị khác nhau và toàn những vị bé sẽ rất yêu thích giúp mẹ thoải_mái đổi vị cho bé mà không sợ bé nhàm_chán thành_phần của miến ăn_liền ngũ_vị hikari miso nhật bản miến hikari miso được làm từ gạo nhật nước súp được cô đặc từ hải_sản thịt heo rong biển đậu_nành cùng với cải_thảo cà_rốt củ_cải_tạo nên nhiều hương_vị thơm ngon numbertoken hương vịbao gồm cá hải_sản rong biển trứng và đậu_nành ưu_điểm vượt_trội của miến ăn_liền ngũ_vị hikari miso nhật bản được biết đến như là một trong những dòng miến được yêu thích nhất ở nhật bản và hàn_quốc hương_vị cực thơm ngon dễ ăn sản_phẩm bán rất chạy tại nhật bản và đang dần một trở_nên quen_thuộc đối_với các mẹ việt một túi đóng_gói numbertoken gói nhỏ mỗi gói nhỏ có numbertoken vị khác nhau phù_hợp với không chỉ trẻ nhỏ mà người_lớn cũng rất thích ăn là sản_phẩm của nhật bản được chứng_nhận an_toàn các mẹ không phải lo mua phải những loại miến không rõ nguồn_gốc trôi_nổi trên thị_trường không có nhãn_mác gì miến có độ dai vừa phải nên không bị nát khi nấu mà vẫn dễ nhai và nuốt dễ chế_biến cực tiện_lợi nếu mang đi ăn picnic được làm từ những nguyên_liệu cao_cấp nên rất an_toàn gia_vị là nước sốt đậm_đà nhưng không hề sử_dụng bất_cứ một chất_độc_hại nào ăn sáng hay chọn làm_ăn bữa phụ cũng rất tốt cho bé đảm_bảo đầy_đủ dưỡng_chất cách chế_biến miến ăn_liền ngũ_vị hikari miso nhật bản túi đóng numbertoken gói tùy_khẩu_phần ăn bạn dùng số_lượng gói khác nhau bỏ miễn ra khỏi túi rồi cho vào bát phù_hợp mỗi gói miến nhỏ được pha với numbertoken nước sôi cho gói nước sốt gia_vị vào để trong numbertoken phút sau đó trộn đều là dùng được ngay|Chủ quyền|0.22349151968955994|2020/07/03 18:55:01|8.755009247759304e+18
100025142180855|699008087613924|nan|nan|fb_user_post|một sản_phẩm nhanh gọn tiện_lợi thơm ngon mà vẫn đầy_đủ chất dinh_dưỡng cho bé đó là miến ăn_liền ngũ_vị hikari miso nhật_bản một gói miến to bao_gồm numbertoken gói nhỏ với numbertoken vị khác nhau và toàn những vị bé sẽ rất yêu thích giúp mẹ thoải_mái đổi vị cho bé mà không sợ bé nhàm_chán thành_phần của miến ăn_liền ngũ_vị hikari miso nhật bản miến hikari miso được làm từ gạo nhật nước súp được cô đặc từ hải_sản thịt heo rong biển đậu_nành cùng với cải_thảo cà_rốt củ_cải_tạo nên nhiều hương_vị thơm ngon numbertoken hương vịbao gồm cá hải_sản rong biển trứng và đậu_nành ưu_điểm vượt_trội của miến ăn_liền ngũ_vị hikari miso nhật bản được biết đến như là một trong những dòng miến được yêu thích nhất ở nhật bản và hàn_quốc hương_vị cực thơm ngon dễ ăn sản_phẩm bán rất chạy tại nhật bản và đang dần một trở_nên quen_thuộc đối_với các mẹ việt một túi đóng_gói numbertoken gói nhỏ mỗi gói nhỏ có numbertoken vị khác nhau phù_hợp với không chỉ trẻ nhỏ mà người_lớn cũng rất thích ăn là sản_phẩm của nhật bản được chứng_nhận an_toàn các mẹ không phải lo mua phải những loại miến không rõ nguồn_gốc trôi_nổi trên thị_trường không có nhãn_mác gì miến có độ dai vừa phải nên không bị nát khi nấu mà vẫn dễ nhai và nuốt dễ chế_biến cực tiện_lợi nếu mang đi ăn picnic được làm từ những nguyên_liệu cao_cấp nên rất an_toàn gia_vị là nước sốt đậm_đà nhưng không hề sử_dụng bất_cứ một chất_độc_hại nào ăn sáng hay chọn làm_ăn bữa phụ cũng rất tốt cho bé đảm_bảo đầy_đủ dưỡng_chất cách chế_biến miến ăn_liền ngũ_vị hikari miso nhật bản túi đóng numbertoken gói tùy_khẩu_phần ăn bạn dùng số_lượng gói khác nhau bỏ miễn ra khỏi túi rồi cho vào bát phù_hợp mỗi gói miến nhỏ được pha với numbertoken nước sôi cho gói nước sốt gia_vị vào để trong numbertoken phút sau đó trộn đều là dùng được ngay|Nhân vật chính trị|0.12718260288238525|2020/07/03 18:55:01|8.755009247759304e+18
100005755741413|1466387090229802|nan|nan|fb_user_post|bởi_vì chai xì_dầu mà cả nhà đc bữa ngon quá xì_dầu rang cơm kikkoman stir fry michelin lại fai thề vì nó qá ngonnn cho vào rang cơm rang thịt nó vừa ngon màu lại vừa đẹp ý mng ạ có numbertoken vị dipping seasoning teriyaki cái này rưới lên thịt quay hết nấc nè stir fry cái này e đang ăn đó huhu ngon dã cả mann em nói thật nó ngon lắm ý ai tin mồm e cứ ord thử xem có đúng là nó ngon ko nha order thailand|Tổ chức nhà nước|0.3497176170349121|2020/07/03 11:04:24|3.3353839891285284e+18
100005755741413|1466387090229802|nan|nan|fb_user_post|bởi_vì chai xì_dầu mà cả nhà đc bữa ngon quá xì_dầu rang cơm kikkoman stir fry michelin lại fai thề vì nó qá ngonnn cho vào rang cơm rang thịt nó vừa ngon màu lại vừa đẹp ý mng ạ có numbertoken vị dipping seasoning teriyaki cái này rưới lên thịt quay hết nấc nè stir fry cái này e đang ăn đó huhu ngon dã cả mann em nói thật nó ngon lắm ý ai tin mồm e cứ ord thử xem có đúng là nó ngon ko nha order thailand|Nhân vật chính trị|0.2394338846206665|2020/07/03 11:04:24|3.3353839891285284e+18
100005755741413|1466387090229802|nan|nan|fb_user_post|bởi_vì chai xì_dầu mà cả nhà đc bữa ngon quá xì_dầu rang cơm kikkoman stir fry michelin lại fai thề vì nó qá ngonnn cho vào rang cơm rang thịt nó vừa ngon màu lại vừa đẹp ý mng ạ có numbertoken vị dipping seasoning teriyaki cái này rưới lên thịt quay hết nấc nè stir fry cái này e đang ăn đó huhu ngon dã cả mann em nói thật nó ngon lắm ý ai tin mồm e cứ ord thử xem có đúng là nó ngon ko nha order thailand|Tư tưởng tiêu cực - chống phá nhà nước|0.16456815600395203|2020/07/03 11:04:24|3.3353839891285284e+18
100009293978560|2653153505004423|nan|nan|fb_user_post|quẩy cùng chị xui chị xui tương_lai ngay nào|Tổ chức nhà nước|0.3005674481391907|2020/07/03 14:06:52|7.039738602705749e+18
100009293978560|2653153505004423|nan|nan|fb_user_post|quẩy cùng chị xui chị xui tương_lai ngay nào|Nhân vật chính trị|0.2696303129196167|2020/07/03 14:06:52|7.039738602705749e+18
100009293978560|2653153505004423|nan|nan|fb_user_post|quẩy cùng chị xui chị xui tương_lai ngay nào|Tư tưởng tiêu cực - chống phá nhà nước|0.1668829619884491|2020/07/03 14:06:52|7.039738602705749e+18
100006724158727|2689096681324444|nan|nan|nan|coffilia by minh tien coffee sẵn_sàng chào_đón tín_đồ yêu cà_phê ngày numbertoken numbertoken numbertoken ngôi nhà mới của minh tiến coffee tại numbertoken hàng_mã đã chính_thức đi vào hoạt đ ộng sau quãng thời_gian thai_nghén ý_tưởng hiện_thực_hóa ước_mơ không ngừng_nghỉ đây mãi là khoảnh_khắc không_thể_nào quên của toàn_thể đội_ngũ minh tiến trong hành_trình numbertoken năm gắn_bó với cà_phê minh tiến vẫn luôn ao_ước có một không_gian chung để kết_nối những người có chung đam_mê với thức quả đầy quyến_rũ này cuối_cùng coffilia với ý_nghĩa người đam_mê cà_phê cũng được ra_đời thỏa_lòng mong_mỏi của cả đội_ngũ minh tiến trở_thành không_gian để mọi người trải nghiệm tìm_hiểu chìm_đắm trong cà_phê|Tổ chức nhà nước|0.36390456557273865|nan|nan
100006724158727|2689096681324444|nan|nan|nan|coffilia by minh tien coffee sẵn_sàng chào_đón tín_đồ yêu cà_phê ngày numbertoken numbertoken numbertoken ngôi nhà mới của minh tiến coffee tại numbertoken hàng_mã đã chính_thức đi vào hoạt đ ộng sau quãng thời_gian thai_nghén ý_tưởng hiện_thực_hóa ước_mơ không ngừng_nghỉ đây mãi là khoảnh_khắc không_thể_nào quên của toàn_thể đội_ngũ minh tiến trong hành_trình numbertoken năm gắn_bó với cà_phê minh tiến vẫn luôn ao_ước có một không_gian chung để kết_nối những người có chung đam_mê với thức quả đầy quyến_rũ này cuối_cùng coffilia với ý_nghĩa người đam_mê cà_phê cũng được ra_đời thỏa_lòng mong_mỏi của cả đội_ngũ minh tiến trở_thành không_gian để mọi người trải nghiệm tìm_hiểu chìm_đắm trong cà_phê|Nhân vật chính trị|0.2674468755722046|nan|nan
100006724158727|2689096681324444|nan|nan|nan|coffilia by minh tien coffee sẵn_sàng chào_đón tín_đồ yêu cà_phê ngày numbertoken numbertoken numbertoken ngôi nhà mới của minh tiến coffee tại numbertoken hàng_mã đã chính_thức đi vào hoạt đ ộng sau quãng thời_gian thai_nghén ý_tưởng hiện_thực_hóa ước_mơ không ngừng_nghỉ đây mãi là khoảnh_khắc không_thể_nào quên của toàn_thể đội_ngũ minh tiến trong hành_trình numbertoken năm gắn_bó với cà_phê minh tiến vẫn luôn ao_ước có một không_gian chung để kết_nối những người có chung đam_mê với thức quả đầy quyến_rũ này cuối_cùng coffilia với ý_nghĩa người đam_mê cà_phê cũng được ra_đời thỏa_lòng mong_mỏi của cả đội_ngũ minh tiến trở_thành không_gian để mọi người trải nghiệm tìm_hiểu chìm_đắm trong cà_phê|Tư tưởng tiêu cực - chống phá nhà nước|0.14008963108062744|nan|nan
100035154071775|309438280237972|nan|nan|fb_user_post|hot_hot hot_đợt cuối nhập_cảnh trong các khách tq muốn qua việt_nam liên_hệ em để ghép nốt đoàn ạ tỉ_lệ vào numbertoken không vào hoàn tiền trọn_gói dịch_vụ đón khách tại cửa_khẩu hữu_nghị quan xin công_văn tỉnh công_văn nhập_cảnh làm visa tại cửa_khẩu phương_pháp cách_ly đã đến với em thì sẽ là uy_tín nhanh gọn thủ_tục không rườm_rà liên_hệ em ạ em nhàn |khác|0.9240586161613464|2020/07/03 16:33:09|1.4572415690620145e+18
100029529521531|323848528609462|nan|nan|fb_user_post|đừng khóc nữa cô gái ơi mọi chuyện rồi cũng sẽ ổn thôi |Tổ chức nhà nước|0.2991945445537567|2020/07/03 22:41:28|2.1935950873939287e+18
100029529521531|323848528609462|nan|nan|fb_user_post|đừng khóc nữa cô gái ơi mọi chuyện rồi cũng sẽ ổn thôi |Nhân vật chính trị|0.2683987021446228|2020/07/03 22:41:28|2.1935950873939287e+18
100029529521531|323848528609462|nan|nan|fb_user_post|đừng khóc nữa cô gái ơi mọi chuyện rồi cũng sẽ ổn thôi |Tư tưởng tiêu cực - chống phá nhà nước|0.16612067818641663|2020/07/03 22:41:28|2.1935950873939287e+18
100012817458518|1006995603071012|nan|nan|fb_user_post|hàng chính chủ mới ra_lò numbertoken nền đã bán numbertoken nền chỉ còn chỉ còn numbertoken nền giá rẻ nhất thị_trường cách chợ vòng xoay hoà khánh chừng cách lộ lớn chừng nằm trên trục đừong lớn khu dân_cư đông_đúc diện_tích ngang numbertoken dài numbertoken thổ_cư numbertoken giá thương_lượng lien hệ gặp trực_tiếp chủ|Tổ chức nhà nước|0.42863351106643677|2020/07/03 20:00:42|6.205119786686757e+18
100012817458518|1006995603071012|nan|nan|fb_user_post|hàng chính chủ mới ra_lò numbertoken nền đã bán numbertoken nền chỉ còn chỉ còn numbertoken nền giá rẻ nhất thị_trường cách chợ vòng xoay hoà khánh chừng cách lộ lớn chừng nằm trên trục đừong lớn khu dân_cư đông_đúc diện_tích ngang numbertoken dài numbertoken thổ_cư numbertoken giá thương_lượng lien hệ gặp trực_tiếp chủ|Nhân vật chính trị|0.24654029309749603|2020/07/03 20:00:42|6.205119786686757e+18
100018203599319|654374721845975|nan|nan|fb_user_post|đời người đều sẽ trải qua vui buồn khổ ái điều đặc_biệt là hạnh_phúc rơi vào điểm cuối_cùng hay điểm đầu_tiên mới là quan_trọng|Tổ chức nhà nước|0.3019000291824341|2020/07/03 21:50:07|6.834743773474068e+18
100018203599319|654374721845975|nan|nan|fb_user_post|đời người đều sẽ trải qua vui buồn khổ ái điều đặc_biệt là hạnh_phúc rơi vào điểm cuối_cùng hay điểm đầu_tiên mới là quan_trọng|Nhân vật chính trị|0.27082571387290955|2020/07/03 21:50:07|6.834743773474068e+18
100018203599319|654374721845975|nan|nan|fb_user_post|đời người đều sẽ trải qua vui buồn khổ ái điều đặc_biệt là hạnh_phúc rơi vào điểm cuối_cùng hay điểm đầu_tiên mới là quan_trọng|Tư tưởng tiêu cực - chống phá nhà nước|0.16762284934520721|2020/07/03 21:50:07|6.834743773474068e+18
100007124885406|2736800259900777|nan|nan|fb_user_post|mấy nhóc này đôu hết rồi vào mà nhận hàng đê cũng hay|Tổ chức nhà nước|0.3021848201751709|2020/07/03 20:27:42|2.304633431384286e+18
100007124885406|2736800259900777|nan|nan|fb_user_post|mấy nhóc này đôu hết rồi vào mà nhận hàng đê cũng hay|Nhân vật chính trị|0.27108120918273926|2020/07/03 20:27:42|2.304633431384286e+18
100007124885406|2736800259900777|nan|nan|fb_user_post|mấy nhóc này đôu hết rồi vào mà nhận hàng đê cũng hay|Tư tưởng tiêu cực - chống phá nhà nước|0.16778098046779633|2020/07/03 20:27:42|2.304633431384286e+18
100027510902420|2659952840940575|nan|2659952840940575_2659960854273107|fb_user_comment|a này ở xóm câu muong thi phải kg de c thấy vợ ảnh quen quen|Tổ chức nhà nước|0.31524789333343506|2020/07/03 23:16:58|8.633752444945022e+18
100027510902420|2659952840940575|nan|2659952840940575_2659960854273107|fb_user_comment|a này ở xóm câu muong thi phải kg de c thấy vợ ảnh quen quen|Nhân vật chính trị|0.2640106678009033|2020/07/03 23:16:58|8.633752444945022e+18
100027510902420|2659952840940575|nan|2659952840940575_2659960854273107|fb_user_comment|a này ở xóm câu muong thi phải kg de c thấy vợ ảnh quen quen|Tư tưởng tiêu cực - chống phá nhà nước|0.16340476274490356|2020/07/03 23:16:58|8.633752444945022e+18
100002619657574|2965238016906824|nan|nan|fb_user_post|mọi người ơi ai thích tự trồng nấm sạch tại nhà thì gom mua chung với em cho vui nha em mê trồng mấy em này rồi hàng đặt lên số_lượng em mới dặn trại nấm vô phôi như thế này được nên e ko có sẵn nha mn numbertoken phôi nấm bào_ngư numbertoken phôi|Tổ chức nhà nước|0.38937896490097046|2020/07/03 19:48:31|4.02847203140513e+18
100002619657574|2965238016906824|nan|nan|fb_user_post|mọi người ơi ai thích tự trồng nấm sạch tại nhà thì gom mua chung với em cho vui nha em mê trồng mấy em này rồi hàng đặt lên số_lượng em mới dặn trại nấm vô phôi như thế này được nên e ko có sẵn nha mn numbertoken phôi nấm bào_ngư numbertoken phôi|Nhân vật chính trị|0.24214358627796173|2020/07/03 19:48:31|4.02847203140513e+18
100002619657574|2965238016906824|nan|nan|fb_user_post|mọi người ơi ai thích tự trồng nấm sạch tại nhà thì gom mua chung với em cho vui nha em mê trồng mấy em này rồi hàng đặt lên số_lượng em mới dặn trại nấm vô phôi như thế này được nên e ko có sẵn nha mn numbertoken phôi nấm bào_ngư numbertoken phôi|Tư tưởng tiêu cực - chống phá nhà nước|0.12937118113040924|2020/07/03 19:48:31|4.02847203140513e+18
100024520742031|929074861253197|nan|nan|fb_user_post|zô diên|Tổ chức nhà nước|0.3005950152873993|2020/07/03 21:30:11|6.111966114822445e+18
100024520742031|929074861253197|nan|nan|fb_user_post|zô diên|Nhân vật chính trị|0.2696550488471985|2020/07/03 21:30:11|6.111966114822445e+18
100024520742031|929074861253197|nan|nan|fb_user_post|zô diên|Tư tưởng tiêu cực - chống phá nhà nước|0.16689826548099518|2020/07/03 21:30:11|6.111966114822445e+18
100007906449698|2665647547042101|nan|nan|fb_user_post|hong van mai thi chuẩn k bữa nào tập_hợp bữa i mấy mẹ bỉm sữa|Tổ chức nhà nước|0.31571507453918457|2020/07/03 22:47:57|2.1474042042571192e+18
100007906449698|2665647547042101|nan|nan|fb_user_post|hong van mai thi chuẩn k bữa nào tập_hợp bữa i mấy mẹ bỉm sữa|Nhân vật chính trị|0.2644018828868866|2020/07/03 22:47:57|2.1474042042571192e+18
100007906449698|2665647547042101|nan|nan|fb_user_post|hong van mai thi chuẩn k bữa nào tập_hợp bữa i mấy mẹ bỉm sữa|Tư tưởng tiêu cực - chống phá nhà nước|0.16364692151546478|2020/07/03 22:47:57|2.1474042042571192e+18
100003221550670|3214634925320528|nan|nan|nan|tình_yêu của mẹ bà vừa bưng chén cơm lên gắp một miếng thịt gà bỏ vào chén con dâu liền trường người tới lấy tay đè đôi đũa của mẹ chồng rồi ngọt_ngào nói ấy ấy mẹ già rồi không có làm gì nặng_nhọc đừng nên ăn những thứ này khó tiêu lắm ăn chừng nửa chén cơm với ít nước tương là đủ rồi mẹ ạ bà tiu_nghỉu buông miếng thịt gà ra cay_đắng và vội những hột_cơm vào miệng mà tưởng_chừng_như đang nhai đá cố nút giọt nước_mắt muốn trào ra ngoài bà buông tiếng thở_dài con dâu vừa gắp miếng thịt bỏ vào chén cho thằng tý con_trai nàng vừa nói với mẹ chồng bằng một chất giọng dịu_dàng êm_ái con cũng chỉ lo cho sức_khỏe mẹ mà thôi thằng tý liền chen vào mẹ nói nội ăn nhiều ăn thịt không tốt cho sức_khoẻ sao mẹ lại ép con ăn nhiều vào là sao nàng trừng mắt lên quát đồ con_nít ranh mày biết gì mà nói có_ăn_không thì bảo có tiếng chuông cửa con dâu đứng dậy mở_cửa thằng tý ngước nhìn nội thấy mắt nội ướt ướt nó biết nội muốn khóc liền thỏ_thẻ với nội nội đừng có buồn để con_dấu miếng thịt gà này lát mẹ con đi làm rồi con lấy cho nội ăn ha nói xong thằng tý bỏ miếng thịt gà vào chén rồi chạy ù xuống bếp dấu miếng thịt gà vào một góc bếp bà nhìn theo mắt rưng_rưng lấy vạt áo lau vội giọt nước_mắt con_trai vừa bước vào thấy vậy vội hỏi mắt mẹ sao vậy bà gượng cười ờ ờ hạt bụi nó bay vào mắt thôi mà con dâu cắt ngang em đã bảo anh về sớm để còn đi công_việc giờ mới vát xác về nhà bao việc mà anh lúc_nào cũng thông thả thôi ngồi vào ăn nhanh mà đi kẻo người_ta đợi hắn vội trả_lời em làm như anh ở không à ở cơ_quan cũng bao việc chứ rảnh_rỗi gì đâu đang làm_việc với đối_tác thì vợ hắn gọi alo chiều anh ghé trường đón con rồi chở con đi ăn luôn nhé cơ_quan em có đoàn thanh_tra đến nên em phải tiếp khách về hơi trễ thằng tý vui_mừng vì hôm_nay được ba đón nó líu_lo hắn soa đầu thằng con_trai cưng của mình hôm_nay con_trai cưng của ba ăn gì để ba mua về ba con mình ăn với nội cho vui thằng tý ngước nhìn ba hỏi ủa mẹ đâu hả ba hắn hôn chụt vào má con_trai trả_lời hôm_nay mẹ bận công_việc cơ_quan về hơi trễ cha con mình tự ăn tý mừng_rỡ thốt lên ồ de hôm_nay không có mẹ ở nhà ba phải mua thật nhiều đồ ăn về cho nội ăn nhé ba đừng cho mẹ biết nha con thương nội lắm hắn ngạc_nhiên tại_sao phải dấu mẹ tý hồn_nhiên trả_lời bởi_vì mẹ nói nội già rồi ăn nhiều thức_ăn không tốt mỗi bữa ăn nên ăn nửa chén cơm là đủ rồi hắn nghe như sét đánh ngang_tai ruột_gan như có ai đang xát muối da thịt như có ngàn con kiến chích hắn chở vội con_trai đi mua thức_ăn rồi hối_hả chạy về nhà mong gặp mẹ bao_nhiêu hình_ảnh tuổi_thơ của hắn và mẹ như cuốn phim quay chậm hiện về trong tâm_trí hắn hắn tức_giận chen lẫn xót_xa hắn hối_hận vì thời_gian qua hắn lao vào công_việc mà không quan_tâm đến mẹ lúc này đây hắn mong_muốn có đôi cánh để bay thật nhanh về bên mẹ để chui vào lòng mẹ như thuở ấu_thơ để xin mẹ tha_thứ cho sự thờ_ơ của đứa con mà mẹ khổ_cực nâng_niu nuôi dạy hắn trưởng_thành như hôm_nay mắt hắn cay xè mở_cửa lao vội vào nhà hắn đứng chết lặng nhìn thấy mẹ vịn quanh thành bếp lò_mò bước từng những bước chậm_chạp hắn lao đến ôm hai bờ vai của mẹ lo_lắng hỏi mẹ mẹ sao vậy bà giật_mình cười cười nói à à đôi mắt của mẹ mấy hôm_nay nó lờ_mờ không nhìn rõ cho lắm chắc tuổi già nó vậy nên con đừng có mà lo_lắng nó nghẹn_ngào sao mẹ không nói con chở đi khám bà cười hiền nói ta thấy bay lu_bu công_việc nói ra sợ bay lo_lắng mà ảnh_hưởng đến công_việc hắn nghẹn đắng nơi cổ_họng nước_mắt trào ra hắn nức_nở con xin_lỗi mẹ mẹ tha_thứ tội bất_hiếu cho con con cõng mẹ đi bệnh_viện mẹ nhé hắn bồng mẹ lên chạy bay ra sân bác_sĩ nói đôi mắt mẹ anh bị đục thủy_tinh_thể tại_sao phải để lâu như_vậy ngày_mai anh chở cụ đến làm thủ_tục nhập_viện để chúng_tôi tiến_hành thay thủy_tinh_thể gấp cho cụ may_ra còn cứu kịp nhưng độ sáng không được trăm phần_trăm chỉ sáu mươi là may_mắn lắm rồi nhìn mẹ mò mẫn bước từng bước nét mặt bà ngẩn_ngơ mà hắn chết lặng hắn hối_hận đau_đớn dìu mẹ từng bước mà lòng đau như cắt hắn khóc như một đứa trẻ thằng tý cũng khóc to hắn thức cả đêm chỉ để viết một lá thư xong hắn ôm cây đàn lên sân_thượng ngồi đến sáng vợ hắn thức dậy nhìn quanh không thấy chồng đâu càm ràm mới sáng sớm mà đi đâu không biết có công_chuyện cũng phải nói cho người_ta biết chừng chứ vợ hắn đi đến bàn trang_điểm thì thấy một lá thư và một cái usb nàng tò_mò cầm lá thư lên và mở xem thì thấy nét chữ của chồng nàng cười_khẩy gớm thời_buổi bây_giờ còn thư với từ cần gì thì nhắn_tin là xong cần phải mất thời_gian như thế này không hay_là muốn hâm_nóng tình_cảm_chăng nhưng với bản_tính tò_mò của người phụ_nữ nàng mở ra đọc vợ yêu từ ngày mình yêu nhau rồi nên duyên chồng vợ anh rất mãn_nguyện anh rất tự_tin khoe với bạn_bè và đồng_nghiệp về vợ yêu của mình anh vui lắm anh hạnh_phúc lắm hạnh_phúc hơn nữa là em sinh cho anh một đứa con_trai kháu_khỉnh thông_minh anh thầm cảm_ơn ông trời đã bang tặng em cho anh cảm_ơn em đã đem đến cho anh niềm hạnh_phúc mà nhiều người mơ_ước |Sai phạm|1|nan|nan
100003221550670|3214634925320528|nan|nan|nan|tình_yêu của mẹ bà vừa bưng chén cơm lên gắp một miếng thịt gà bỏ vào chén con dâu liền trường người tới lấy tay đè đôi đũa của mẹ chồng rồi ngọt_ngào nói ấy ấy mẹ già rồi không có làm gì nặng_nhọc đừng nên ăn những thứ này khó tiêu lắm ăn chừng nửa chén cơm với ít nước tương là đủ rồi mẹ ạ bà tiu_nghỉu buông miếng thịt gà ra cay_đắng và vội những hột_cơm vào miệng mà tưởng_chừng_như đang nhai đá cố nút giọt nước_mắt muốn trào ra ngoài bà buông tiếng thở_dài con dâu vừa gắp miếng thịt bỏ vào chén cho thằng tý con_trai nàng vừa nói với mẹ chồng bằng một chất giọng dịu_dàng êm_ái con cũng chỉ lo cho sức_khỏe mẹ mà thôi thằng tý liền chen vào mẹ nói nội ăn nhiều ăn thịt không tốt cho sức_khoẻ sao mẹ lại ép con ăn nhiều vào là sao nàng trừng mắt lên quát đồ con_nít ranh mày biết gì mà nói có_ăn_không thì bảo có tiếng chuông cửa con dâu đứng dậy mở_cửa thằng tý ngước nhìn nội thấy mắt nội ướt ướt nó biết nội muốn khóc liền thỏ_thẻ với nội nội đừng có buồn để con_dấu miếng thịt gà này lát mẹ con đi làm rồi con lấy cho nội ăn ha nói xong thằng tý bỏ miếng thịt gà vào chén rồi chạy ù xuống bếp dấu miếng thịt gà vào một góc bếp bà nhìn theo mắt rưng_rưng lấy vạt áo lau vội giọt nước_mắt con_trai vừa bước vào thấy vậy vội hỏi mắt mẹ sao vậy bà gượng cười ờ ờ hạt bụi nó bay vào mắt thôi mà con dâu cắt ngang em đã bảo anh về sớm để còn đi công_việc giờ mới vát xác về nhà bao việc mà anh lúc_nào cũng thông thả thôi ngồi vào ăn nhanh mà đi kẻo người_ta đợi hắn vội trả_lời em làm như anh ở không à ở cơ_quan cũng bao việc chứ rảnh_rỗi gì đâu đang làm_việc với đối_tác thì vợ hắn gọi alo chiều anh ghé trường đón con rồi chở con đi ăn luôn nhé cơ_quan em có đoàn thanh_tra đến nên em phải tiếp khách về hơi trễ thằng tý vui_mừng vì hôm_nay được ba đón nó líu_lo hắn soa đầu thằng con_trai cưng của mình hôm_nay con_trai cưng của ba ăn gì để ba mua về ba con mình ăn với nội cho vui thằng tý ngước nhìn ba hỏi ủa mẹ đâu hả ba hắn hôn chụt vào má con_trai trả_lời hôm_nay mẹ bận công_việc cơ_quan về hơi trễ cha con mình tự ăn tý mừng_rỡ thốt lên ồ de hôm_nay không có mẹ ở nhà ba phải mua thật nhiều đồ ăn về cho nội ăn nhé ba đừng cho mẹ biết nha con thương nội lắm hắn ngạc_nhiên tại_sao phải dấu mẹ tý hồn_nhiên trả_lời bởi_vì mẹ nói nội già rồi ăn nhiều thức_ăn không tốt mỗi bữa ăn nên ăn nửa chén cơm là đủ rồi hắn nghe như sét đánh ngang_tai ruột_gan như có ai đang xát muối da thịt như có ngàn con kiến chích hắn chở vội con_trai đi mua thức_ăn rồi hối_hả chạy về nhà mong gặp mẹ bao_nhiêu hình_ảnh tuổi_thơ của hắn và mẹ như cuốn phim quay chậm hiện về trong tâm_trí hắn hắn tức_giận chen lẫn xót_xa hắn hối_hận vì thời_gian qua hắn lao vào công_việc mà không quan_tâm đến mẹ lúc này đây hắn mong_muốn có đôi cánh để bay thật nhanh về bên mẹ để chui vào lòng mẹ như thuở ấu_thơ để xin mẹ tha_thứ cho sự thờ_ơ của đứa con mà mẹ khổ_cực nâng_niu nuôi dạy hắn trưởng_thành như hôm_nay mắt hắn cay xè mở_cửa lao vội vào nhà hắn đứng chết lặng nhìn thấy mẹ vịn quanh thành bếp lò_mò bước từng những bước chậm_chạp hắn lao đến ôm hai bờ vai của mẹ lo_lắng hỏi mẹ mẹ sao vậy bà giật_mình cười cười nói à à đôi mắt của mẹ mấy hôm_nay nó lờ_mờ không nhìn rõ cho lắm chắc tuổi già nó vậy nên con đừng có mà lo_lắng nó nghẹn_ngào sao mẹ không nói con chở đi khám bà cười hiền nói ta thấy bay lu_bu công_việc nói ra sợ bay lo_lắng mà ảnh_hưởng đến công_việc hắn nghẹn đắng nơi cổ_họng nước_mắt trào ra hắn nức_nở con xin_lỗi mẹ mẹ tha_thứ tội bất_hiếu cho con con cõng mẹ đi bệnh_viện mẹ nhé hắn bồng mẹ lên chạy bay ra sân bác_sĩ nói đôi mắt mẹ anh bị đục thủy_tinh_thể tại_sao phải để lâu như_vậy ngày_mai anh chở cụ đến làm thủ_tục nhập_viện để chúng_tôi tiến_hành thay thủy_tinh_thể gấp cho cụ may_ra còn cứu kịp nhưng độ sáng không được trăm phần_trăm chỉ sáu mươi là may_mắn lắm rồi nhìn mẹ mò mẫn bước từng bước nét mặt bà ngẩn_ngơ mà hắn chết lặng hắn hối_hận đau_đớn dìu mẹ từng bước mà lòng đau như cắt hắn khóc như một đứa trẻ thằng tý cũng khóc to hắn thức cả đêm chỉ để viết một lá thư xong hắn ôm cây đàn lên sân_thượng ngồi đến sáng vợ hắn thức dậy nhìn quanh không thấy chồng đâu càm ràm mới sáng sớm mà đi đâu không biết có công_chuyện cũng phải nói cho người_ta biết chừng chứ vợ hắn đi đến bàn trang_điểm thì thấy một lá thư và một cái usb nàng tò_mò cầm lá thư lên và mở xem thì thấy nét chữ của chồng nàng cười_khẩy gớm thời_buổi bây_giờ còn thư với từ cần gì thì nhắn_tin là xong cần phải mất thời_gian như thế này không hay_là muốn hâm_nóng tình_cảm_chăng nhưng với bản_tính tò_mò của người phụ_nữ nàng mở ra đọc vợ yêu từ ngày mình yêu nhau rồi nên duyên chồng vợ anh rất mãn_nguyện anh rất tự_tin khoe với bạn_bè và đồng_nghiệp về vợ yêu của mình anh vui lắm anh hạnh_phúc lắm hạnh_phúc hơn nữa là em sinh cho anh một đứa con_trai kháu_khỉnh thông_minh anh thầm cảm_ơn ông trời đã bang tặng em cho anh cảm_ơn em đã đem đến cho anh niềm hạnh_phúc mà nhiều người mơ_ước |Tổ chức nhà nước|0.19759315252304077|nan|nan
